"Year","Plot","Treatment","Subtreatment","ACAM","ACAM*","AG","AG*","AIPR","AMSIN","AMSIN*","ASTER","AVBA","AVEN","AVFA","BRBI","BRBO","BRDI","BRDI*","BRDO","BRHI*","BRHO","BRHO*","BRMA","BRMA*","BRMAr","BRNI","BRNI*","BROM","BROMUS","BROMUS*","BRRU","BUBR","CABU","CACO","CAEX","CAME","CEGL","CESO","CLPU","CLPU*","COAR","CRSE","CRSE*","DELO","DELO*","DICA","ELTR","ERBO","ERCI","ERCI*","ERIC","ERMO","ESCA","EUCH","FEBR","FEMY","FEMY*","FESTUCA","GAPH","GIAC","GR","H","HIIN","HIIN*","HL","HOMA","HOMU","HOMU*","HYGL","LAAM","LAGR","LASE","LETR","LOFI","LUBI","MEPO","NA","NHL","ONAG","ONAG*","PEGRAS","PLCA","PLTA","POAC","RUCR","SAAP","STME","TRGR","TRIFO","UNKF","VEPE","VUBR"
2021,"1","G","GC",0,0,0,0,0,0,0,0,0,0,0,0,0,0,0,0,0,22,0,0,0,0,0,0,0,7,0,0,0,0,0,0,0,0,0,0,0,0,0,0,0,0,0,0,0,8,0,0,0,0,0,0,2,0,2,0,0,0,0,9,10,60,0,0,0,0,0,0,0,0,0,0,0,17,0,0,0,0,0,0,0,0,0,0,0,0,0,0,0
2021,"1","G","GS",0,0,0,0,0,3,0,0,0,0,0,0,0,1,0,0,0,14,0,0,0,0,0,0,0,12,0,0,0,0,0,0,0,0,0,0,0,0,0,0,0,0,0,0,0,11,0,0,0,0,0,0,0,0,0,0,0,0,0,1,4,59,0,0,0,0,0,0,0,0,0,0,0,23,0,0,0,0,0,0,0,0,0,0,0,0,0,0,0
2021,"1","S","SC",0,0,0,1,0,0,0,0,0,0,0,0,0,3,0,0,0,14,0,0,0,0,0,0,0,9,0,0,0,0,0,0,0,0,0,0,0,0,0,0,0,0,0,0,3,15,0,0,0,0,0,0,0,0,0,0,0,0,0,2,4,60,0,0,0,0,0,0,0,0,0,0,0,21,0,0,0,0,0,0,0,0,0,0,0,0,0,0,0
2021,"1","S","SS",0,0,0,1,0,0,0,0,0,0,0,0,0,7,0,0,0,14,0,0,0,0,0,0,0,7,0,0,0,0,0,0,1,0,0,0,0,0,0,0,0,0,0,0,3,21,0,0,0,0,0,0,0,0,0,0,0,0,0,2,2,56,0,0,0,0,0,0,0,0,0,0,0,17,0,0,0,0,0,0,0,0,0,0,0,0,0,0,0
2021,"1","U","UC",0,0,5,1,0,0,0,0,0,0,0,0,0,0,0,0,0,9,0,0,0,0,0,0,0,5,0,0,0,0,0,0,0,0,0,0,0,0,0,0,0,0,0,0,2,9,0,0,0,0,0,0,1,0,0,0,0,0,0,3,2,56,0,0,0,0,0,0,0,0,0,0,0,30,0,0,0,0,0,0,0,0,0,0,0,0,0,0,0
2021,"1","U","UM",0,0,2,0,0,0,0,0,0,0,0,0,0,0,0,0,0,10,0,0,0,0,0,0,0,12,0,0,0,0,0,0,0,0,0,0,0,0,0,0,0,0,0,0,0,12,0,0,0,0,0,0,0,0,0,0,0,0,0,10,5,56,0,0,0,0,0,0,0,0,0,0,0,21,0,0,0,0,0,0,0,0,0,0,0,0,0,0,0
2021,"1","U","UMS",0,0,1,0,0,1,0,0,0,0,0,0,0,0,0,0,0,7,0,0,0,0,0,0,0,6,0,0,0,0,0,0,0,0,0,0,0,0,0,0,0,0,0,0,1,10,0,0,0,0,0,0,1,0,0,0,0,0,0,0,3,57,0,0,0,0,0,0,0,0,0,0,0,31,0,0,0,0,0,0,0,0,0,0,0,0,0,0,0
2021,"1","U","US",0,0,1,1,0,1,0,0,0,0,0,0,0,0,0,0,0,5,0,0,0,0,0,0,0,3,0,0,0,0,0,0,0,0,0,0,0,0,0,0,0,0,0,0,1,23,0,0,0,0,0,0,2,0,0,0,0,0,0,1,0,50,0,0,0,0,0,0,0,0,0,0,0,26,0,0,0,0,0,0,0,0,0,0,0,0,0,0,0
2021,"10","G","GC",0,0,6,5,0,0,0,0,0,0,0,0,0,17,1,0,0,1,1,0,0,0,0,0,0,3,0,0,0,0,0,0,0,0,0,0,0,0,0,0,0,0,0,0,0,7,0,0,0,0,0,0,0,0,0,0,0,0,1,3,0,56,0,7,0,0,0,0,0,0,0,0,0,21,0,0,0,0,0,0,0,0,0,0,0,0,0,0,0
2021,"10","G","GS",0,0,4,4,0,0,0,0,0,0,0,0,0,13,3,0,0,0,0,0,0,0,0,0,0,1,0,0,0,0,0,0,0,0,0,0,0,0,0,0,0,0,0,0,0,12,0,0,0,0,0,0,0,0,0,0,0,0,0,1,0,60,0,0,0,0,0,0,0,0,0,0,0,25,0,0,0,0,0,0,0,0,0,0,0,0,0,0,0
2021,"10","S","SC",0,0,8,1,0,0,0,0,0,0,0,0,0,21,5,0,0,2,0,0,0,0,0,0,0,0,0,0,0,0,0,0,0,0,0,0,0,0,0,0,0,0,0,0,0,7,0,0,0,0,0,0,0,0,0,0,0,0,0,0,2,54,0,3,0,0,0,0,0,0,0,0,0,18,0,0,0,0,0,0,0,0,0,0,0,0,0,0,0
2021,"10","S","SS",0,0,8,2,0,0,0,0,0,0,0,0,0,15,3,0,0,0,0,0,0,0,0,0,0,0,0,0,0,0,0,0,0,0,0,0,0,0,0,0,0,0,0,0,0,3,0,0,0,0,0,0,0,0,0,0,0,0,0,1,3,56,0,5,1,0,0,0,0,0,0,0,0,24,0,0,0,0,0,0,0,0,0,0,0,0,0,0,0
2021,"10","U","UC",0,0,11,4,0,0,0,0,0,0,0,0,0,8,4,0,0,0,0,0,0,0,2,0,0,1,0,0,0,0,0,0,0,0,0,0,0,0,0,0,0,0,0,0,0,6,0,0,0,0,0,0,0,0,0,0,0,0,0,4,0,55,0,0,0,0,0,0,0,0,0,0,0,26,0,0,0,0,0,0,0,0,0,0,0,0,0,0,0
2021,"10","U","UM",0,0,9,0,0,0,0,0,0,0,0,0,0,7,4,0,0,8,0,0,0,0,0,0,0,0,0,0,0,0,0,0,0,0,0,0,0,0,0,0,0,0,0,0,0,11,0,0,0,0,0,0,1,0,0,0,0,0,0,1,0,58,0,6,2,0,1,0,0,0,0,0,0,20,0,0,0,0,0,0,0,0,0,0,0,0,0,0,0
2021,"10","U","UMS",0,0,7,5,0,0,0,0,0,0,1,0,0,7,4,0,0,4,0,0,0,0,0,0,0,4,0,0,0,0,0,0,0,0,0,0,0,0,0,0,0,0,0,0,0,0,0,0,0,0,0,0,0,0,0,0,0,0,0,0,0,57,0,1,1,0,1,0,0,0,0,0,0,27,0,0,0,0,0,0,0,0,0,0,0,0,0,0,0
2021,"10","U","US",0,0,5,0,0,0,0,0,0,0,0,0,0,11,0,0,0,8,0,0,0,0,0,0,0,0,0,0,0,0,0,0,0,0,0,0,0,0,0,0,0,0,0,0,0,12,0,0,0,0,0,1,5,0,0,0,0,0,0,2,0,56,0,24,0,0,1,0,0,0,0,0,0,11,0,0,0,0,0,0,0,0,0,0,0,0,0,0,0
2021,"2","G","GC",0,0,0,1,0,0,0,0,0,0,0,0,0,17,2,0,0,0,0,0,0,0,0,0,0,10,0,0,0,0,0,0,0,0,0,0,0,0,0,0,0,0,0,0,0,23,0,0,0,0,0,0,0,0,0,0,0,0,0,1,3,51,0,0,0,0,0,0,0,0,0,0,0,16,0,0,0,0,0,0,0,0,0,0,0,0,0,0,0
2021,"2","G","GS",0,0,1,2,0,2,0,0,0,0,0,0,0,5,0,0,0,6,0,0,0,0,0,0,0,7,0,0,0,0,0,0,0,0,0,0,0,0,0,0,0,0,0,0,0,17,0,0,0,0,0,0,6,0,0,0,0,0,0,0,0,55,0,0,0,0,0,0,0,0,0,0,0,21,0,0,0,0,0,0,0,0,0,0,0,0,0,0,0
2021,"2","S","SC",0,0,0,0,0,3,3,0,0,0,0,0,0,15,11,0,0,6,0,0,0,0,0,0,0,0,0,0,0,0,0,0,0,0,0,0,0,0,0,0,0,0,0,0,0,22,0,0,0,0,0,0,4,0,0,0,0,0,0,0,0,51,0,0,0,0,0,0,0,0,0,0,0,14,0,0,0,0,0,0,0,0,0,0,0,0,0,0,0
2021,"2","S","SS",0,0,0,0,0,0,0,0,0,0,0,0,0,15,7,0,0,2,0,0,0,0,0,0,0,0,0,1,0,0,0,0,0,0,0,0,0,0,0,0,0,0,0,0,0,20,0,0,0,0,0,0,2,0,0,0,0,0,0,4,3,46,0,0,0,0,0,0,0,0,0,0,0,20,0,0,0,0,0,0,0,0,0,0,0,0,0,0,0
2021,"2","U","UC",0,0,0,0,0,0,0,0,0,0,0,0,0,10,5,0,0,29,5,0,0,0,0,0,0,0,0,0,0,0,0,0,0,1,0,0,0,0,0,0,0,0,0,0,0,21,0,0,0,0,0,0,2,0,0,0,0,0,0,2,1,55,0,0,0,0,0,0,0,0,0,0,0,12,0,0,0,0,0,0,0,0,0,0,0,0,0,0,0
2021,"2","U","UM",0,0,0,1,0,0,0,0,0,0,0,0,0,6,0,0,0,19,0,0,0,0,0,0,0,8,0,0,0,0,0,0,0,0,0,0,0,0,0,0,0,0,0,0,0,13,0,0,0,0,0,0,0,0,0,0,0,0,0,0,0,51,0,0,0,0,0,0,0,0,0,0,0,22,0,0,0,0,0,0,0,0,0,0,0,0,0,0,0
2021,"2","U","UMS",0,0,0,2,0,0,0,0,0,0,0,0,0,0,0,0,0,24,0,0,0,0,0,0,0,2,0,0,0,0,0,0,0,0,0,0,0,0,0,0,0,0,0,0,0,24,0,0,0,0,0,0,1,0,0,0,0,0,0,0,0,56,0,0,0,0,0,0,0,0,0,0,0,17,0,0,0,0,0,0,0,0,0,0,0,0,0,0,0
2021,"2","U","US",0,0,0,0,0,0,0,0,0,0,0,0,0,10,0,0,0,13,0,0,0,0,0,0,0,6,0,0,0,0,0,0,0,0,0,0,0,0,0,0,0,0,0,0,0,23,0,0,0,0,0,0,3,0,0,0,0,0,0,0,0,56,0,0,0,0,0,0,0,0,0,0,0,14,0,0,0,0,0,0,0,0,0,0,0,0,0,0,0
2021,"3","G","GC",0,0,7,0,0,0,0,0,0,0,0,0,1,0,0,0,0,6,0,0,0,0,0,0,0,1,0,0,0,0,0,0,0,0,0,0,0,6,0,0,0,0,0,0,0,13,0,0,0,0,0,0,0,0,0,0,0,0,0,0,0,60,0,0,0,0,1,0,0,9,0,0,0,22,0,0,0,0,0,0,0,0,0,0,0,0,0,0,0
2021,"3","G","GS",0,0,2,4,0,0,0,0,0,0,0,0,0,0,0,0,0,9,0,0,0,0,0,0,0,0,0,0,0,0,0,0,0,0,0,0,0,0,0,0,0,0,0,0,0,14,0,0,6,0,0,0,0,0,0,0,0,0,0,9,0,60,0,2,0,0,0,0,0,0,0,0,0,22,0,0,0,0,1,0,0,0,0,0,0,0,0,0,0
2021,"3","S","SC",0,0,3,1,0,7,0,0,0,0,0,0,0,0,0,0,0,7,0,0,0,0,0,0,0,0,0,0,0,0,0,0,0,0,0,0,0,0,0,0,0,0,0,0,0,12,0,0,1,0,0,0,0,0,0,1,0,0,0,8,3,59,0,0,0,0,0,0,0,0,0,0,0,22,0,0,0,0,0,0,0,0,0,0,0,0,0,0,0
2021,"3","S","SS",0,0,1,1,0,1,0,0,0,0,0,0,0,0,0,0,0,19,0,0,0,0,0,0,0,1,0,0,0,0,0,0,0,0,0,0,0,0,0,0,0,0,0,0,0,21,0,0,3,0,0,0,0,0,0,0,0,0,0,16,2,60,0,3,0,0,0,0,0,0,0,0,0,13,0,0,0,0,0,0,0,0,0,0,0,0,0,0,0
2021,"3","U","UC",0,0,1,0,0,0,0,0,0,0,0,0,0,1,0,0,0,9,0,0,0,0,0,0,0,0,0,0,0,0,0,0,0,0,0,0,0,0,0,0,0,0,0,0,0,9,0,0,0,1,0,0,0,0,0,0,0,0,0,21,0,63,0,2,0,0,1,0,0,0,0,0,0,23,0,0,0,0,0,0,0,0,0,0,0,0,0,0,0
2021,"3","U","UM",0,0,6,0,0,0,0,0,0,0,0,0,0,0,0,0,0,18,0,0,0,0,0,0,0,1,0,0,0,0,0,0,0,0,0,0,0,0,0,0,0,0,0,0,0,19,0,0,0,0,0,0,0,0,0,0,0,0,0,14,2,60,0,2,0,0,0,0,0,0,0,0,0,18,0,0,0,0,0,0,0,0,0,0,0,0,0,0,0
2021,"3","U","UMS",0,0,2,0,0,2,0,0,0,0,0,0,0,0,0,0,0,0,0,0,0,0,0,0,0,5,0,0,0,0,0,0,0,0,0,0,0,0,0,0,0,0,0,0,0,8,0,0,0,0,0,0,0,0,0,0,0,0,0,13,0,57,0,0,0,0,0,0,0,0,0,0,0,33,0,0,0,0,0,0,0,0,0,0,0,0,0,0,0
2021,"3","U","US",0,0,4,0,0,1,0,0,0,0,0,0,0,0,0,0,0,1,0,0,0,0,0,0,0,1,0,0,0,0,0,0,0,0,0,0,0,0,0,0,0,0,0,0,0,19,0,0,2,0,0,0,0,0,0,0,0,0,0,16,0,58,0,2,0,0,1,0,0,0,0,0,0,21,0,0,0,0,0,0,0,0,0,0,0,0,0,0,0
2021,"4","G","GC",0,0,12,9,0,0,0,0,0,0,0,0,0,0,0,0,0,13,1,0,0,0,0,0,0,4,0,0,1,0,0,0,0,0,0,0,0,0,0,0,0,0,0,0,1,6,0,0,1,0,0,1,0,0,0,0,0,0,0,1,0,47,0,0,0,0,0,0,0,0,0,0,0,20,0,0,0,0,0,0,0,0,0,0,0,0,0,0,1
2021,"4","G","GS",0,0,8,6,0,0,0,0,0,0,0,0,0,0,0,0,0,3,4,0,0,0,0,0,0,6,0,0,1,0,0,0,0,0,0,0,0,0,0,0,0,0,0,0,0,2,0,0,0,0,0,0,0,0,0,0,0,0,0,0,3,58,0,11,1,0,0,0,0,0,0,0,0,25,0,0,0,0,0,0,0,0,0,0,0,0,0,0,0
2021,"4","S","SC",0,0,0,1,0,0,0,0,0,0,0,0,0,12,3,0,0,18,3,0,0,0,0,0,0,3,0,0,0,0,0,0,0,0,0,0,0,0,0,0,0,0,0,0,0,3,0,0,1,0,0,0,2,0,0,0,0,0,0,1,13,56,0,0,1,0,0,0,0,0,0,0,0,14,0,0,0,0,1,0,0,0,0,0,0,0,0,0,0
2021,"4","S","SS",0,0,0,1,0,0,0,0,0,0,0,0,0,13,5,0,0,26,8,0,0,0,0,0,1,0,0,0,0,0,0,0,0,0,0,0,0,0,0,0,0,0,0,0,0,2,0,0,0,0,0,0,7,0,0,0,0,0,0,0,16,55,0,0,2,0,0,0,0,0,0,0,0,8,0,0,0,0,1,1,0,0,0,0,0,0,0,0,0
2021,"4","U","UC",0,0,0,13,0,0,0,0,0,0,0,0,0,3,0,0,0,16,0,0,0,0,0,0,8,0,0,0,0,0,0,0,0,0,0,0,0,0,0,0,0,0,0,0,4,15,0,0,0,0,0,0,0,0,0,0,0,0,0,2,5,54,0,1,0,0,0,0,0,0,0,0,0,13,0,0,0,0,2,0,1,0,0,0,0,0,0,0,0
2021,"4","U","UM",0,0,0,0,0,0,0,0,0,0,0,0,0,5,0,0,0,19,5,0,0,0,0,0,2,0,0,0,0,0,0,0,0,0,0,0,0,0,0,0,0,0,1,0,1,16,0,0,0,1,0,0,1,0,0,0,0,0,0,0,5,56,0,2,0,0,0,0,0,0,0,0,0,17,0,0,0,0,1,0,0,0,0,0,0,0,0,0,0
2021,"4","U","UMS",0,0,0,0,0,0,0,0,0,0,0,0,0,0,0,0,0,22,0,0,0,0,0,0,4,0,0,0,0,0,0,0,0,0,0,0,0,0,0,0,0,0,0,0,8,8,0,0,0,1,0,0,0,0,0,0,0,0,0,0,2,55,0,0,0,0,0,0,0,0,0,0,0,26,0,0,0,0,1,0,0,0,0,0,0,0,0,0,0
2021,"4","U","US",0,0,0,3,0,0,0,0,0,0,0,1,0,4,0,1,0,21,0,0,0,0,0,0,1,0,0,0,0,0,0,0,0,0,0,0,0,0,0,0,0,0,0,0,5,10,0,0,0,4,0,0,2,0,0,0,0,0,0,1,0,56,0,3,0,0,0,0,0,0,0,0,0,21,0,0,0,0,0,0,0,0,0,0,0,0,0,0,0
2021,"5","G","GC",0,0,0,2,0,0,0,0,0,0,0,0,0,1,0,0,0,6,3,0,0,0,0,0,0,12,0,0,0,0,0,0,0,0,0,0,0,0,0,0,0,0,0,0,0,2,0,0,0,0,0,0,0,0,0,0,0,0,0,0,0,60,0,17,8,0,0,0,0,0,0,0,0,16,0,0,0,0,0,0,0,0,0,0,0,0,0,0,0
2021,"5","G","GS",0,0,0,3,0,0,0,0,0,0,0,0,0,2,0,0,0,2,2,0,0,0,0,0,0,5,0,0,0,0,0,0,0,0,0,0,0,0,0,0,0,0,0,0,0,0,0,0,0,0,0,0,0,0,0,0,0,0,0,0,0,60,0,28,3,0,0,0,0,0,0,0,0,17,0,0,0,0,0,0,0,0,0,0,0,0,0,0,0
2021,"5","S","SC",0,0,33,3,0,0,0,0,0,0,0,0,0,0,0,0,0,3,0,0,0,0,0,0,0,2,0,0,0,0,0,0,0,0,0,0,0,0,0,0,0,0,0,0,0,11,0,0,0,0,0,0,0,0,0,0,0,0,0,10,3,58,0,0,0,0,0,0,0,0,0,0,0,10,0,0,0,0,0,0,0,0,0,0,0,0,0,0,0
2021,"5","S","SS",0,0,3,1,0,0,0,0,0,0,0,0,0,0,0,0,0,14,3,0,0,0,0,0,0,15,0,0,0,0,0,0,0,0,0,0,0,0,0,0,0,0,0,0,0,19,0,0,0,0,0,0,0,0,0,0,0,0,0,10,5,59,0,1,0,0,0,0,0,0,0,0,0,12,0,0,0,0,0,0,0,0,0,0,0,0,0,0,0
2021,"5","U","UC",0,0,1,0,0,0,0,0,0,0,0,0,0,1,1,0,0,30,3,0,0,0,0,0,0,0,0,0,0,0,0,0,0,0,0,0,0,0,0,0,0,0,0,0,0,1,0,0,0,0,0,0,2,0,0,0,0,0,0,1,0,60,1,20,23,0,0,0,0,0,0,0,0,0,0,0,0,0,0,0,0,0,0,0,0,0,0,0,0
2021,"5","U","UM",0,0,3,0,0,0,0,0,0,0,0,0,0,0,0,0,0,17,0,0,0,0,0,0,9,0,0,0,0,0,0,0,0,0,0,0,0,0,0,0,0,0,0,0,0,9,0,0,0,0,0,0,0,0,0,0,0,0,0,4,1,60,0,0,0,0,0,0,0,0,0,0,0,27,0,0,0,0,0,0,0,0,0,0,0,0,0,0,0
2021,"5","U","UMS",0,0,0,0,0,0,0,0,0,0,0,0,0,0,0,0,0,26,6,0,0,0,0,0,0,0,0,0,0,0,0,0,0,0,0,0,0,0,0,0,0,0,0,0,0,5,0,0,1,0,0,0,1,0,0,0,0,0,0,6,6,60,0,28,11,0,0,0,0,0,0,0,0,2,0,0,0,2,0,0,0,0,0,0,0,0,0,0,0
2021,"5","U","US",0,0,0,0,0,0,0,0,0,0,0,0,0,0,2,0,0,33,8,0,0,0,0,0,0,1,0,0,0,0,0,0,0,0,0,0,0,0,0,0,0,0,0,0,0,2,0,0,1,0,0,0,0,1,0,0,0,0,0,0,2,57,0,7,36,0,0,0,0,0,0,0,0,0,0,0,0,1,0,0,0,0,0,0,0,0,0,1,0
2021,"6","G","GC",0,0,0,0,0,0,0,0,0,0,0,0,0,10,0,0,0,28,6,0,0,0,0,0,0,0,0,0,0,0,0,0,0,0,0,0,0,0,0,0,0,0,0,0,0,24,0,0,0,0,0,0,0,0,0,0,0,0,0,1,0,57,0,1,0,0,0,0,0,0,0,0,0,9,0,0,0,0,2,0,0,0,0,0,0,0,0,0,0
2021,"6","G","GS",1,0,0,0,0,0,0,0,0,0,0,0,0,13,2,0,0,20,5,0,0,0,0,0,0,0,0,0,0,0,0,0,0,0,0,0,0,0,0,0,0,0,0,0,0,15,0,0,0,0,0,0,0,0,0,0,0,0,0,2,9,35,0,0,0,0,0,0,0,0,0,0,0,16,0,0,0,0,0,0,0,0,0,0,0,0,0,0,0
2021,"6","S","SC",0,0,1,0,0,0,0,0,0,0,0,0,0,5,1,0,0,22,6,0,0,0,0,0,0,0,0,0,0,0,0,0,0,0,0,0,0,0,0,0,0,0,0,0,0,19,0,0,0,0,0,0,1,0,0,0,0,0,0,0,2,50,0,1,1,0,0,0,0,0,0,0,0,15,0,0,0,0,2,0,0,0,0,0,0,0,0,0,0
2021,"6","S","SS",0,0,0,0,0,0,0,0,0,0,0,0,0,12,0,0,0,19,0,0,0,0,0,0,0,0,0,0,0,0,0,0,0,0,0,0,0,0,0,0,0,0,0,0,0,22,0,0,0,0,0,0,0,0,0,0,0,0,0,0,0,45,0,1,0,0,0,0,0,0,0,0,0,18,0,0,0,0,2,0,0,0,0,0,0,0,0,0,0
2021,"6","U","UC",0,0,2,0,0,0,0,0,0,0,0,0,0,1,0,0,0,18,0,0,0,0,0,0,0,3,0,0,0,0,0,0,0,0,0,0,0,0,0,0,0,0,0,0,0,17,0,0,0,0,0,2,1,0,0,0,0,0,0,0,0,52,0,0,0,0,0,0,0,0,0,0,0,22,0,0,0,0,0,0,0,0,0,0,0,0,0,0,0
2021,"6","U","UM",0,0,1,0,0,0,0,0,0,0,0,0,0,3,0,0,0,15,0,0,0,0,0,0,3,4,0,0,0,0,0,0,0,0,0,0,0,0,0,0,0,0,0,0,0,19,0,0,0,0,0,1,0,0,0,0,0,0,0,0,0,55,0,1,0,0,0,0,0,0,0,0,0,17,0,0,0,0,0,0,0,0,0,0,0,0,0,0,0
2021,"6","U","UMS",0,0,3,0,0,0,0,0,0,0,0,0,0,2,0,0,0,12,2,0,0,0,0,0,0,4,0,0,0,0,0,0,0,0,0,0,0,0,0,0,0,0,0,0,0,20,0,0,0,0,0,0,1,0,0,0,0,0,0,0,0,52,0,2,0,0,0,0,0,0,0,0,0,22,0,0,0,0,2,0,0,0,0,0,0,0,0,0,0
2021,"6","U","US",0,0,4,0,0,0,0,0,0,0,0,0,0,4,0,0,0,18,0,0,0,0,0,0,0,3,0,0,0,0,0,0,0,0,0,0,0,0,0,0,0,0,0,0,0,16,0,0,0,0,0,1,0,0,0,0,0,0,0,0,5,53,0,0,0,0,0,0,0,0,0,0,0,17,0,0,0,0,1,0,0,0,0,0,0,0,0,0,0
2021,"7","G","GC",0,0,5,6,0,0,0,0,0,0,0,0,0,4,0,0,0,7,3,0,0,0,0,0,0,0,0,0,0,0,0,0,0,0,0,0,0,0,0,0,0,0,0,0,0,7,0,0,1,0,0,0,0,0,0,0,0,0,0,0,2,60,0,15,1,0,0,0,0,0,0,0,0,18,0,0,0,0,1,0,0,0,0,0,0,0,0,0,0
2021,"7","G","GS",0,0,2,6,0,0,0,0,0,0,0,0,0,0,0,0,0,3,2,0,0,0,0,0,0,3,0,0,0,0,0,0,0,0,0,0,0,0,0,0,0,0,0,0,0,15,0,0,0,0,0,1,0,0,0,0,0,0,0,0,0,53,0,13,5,0,0,0,0,0,0,0,0,20,0,0,0,0,0,0,0,0,0,0,0,0,0,0,0
2021,"7","S","SC",0,0,2,0,0,0,0,0,0,0,0,0,0,0,0,0,0,7,1,0,0,0,0,0,0,0,0,0,0,0,0,0,0,0,0,0,0,0,0,0,0,0,0,0,4,11,0,0,0,0,0,6,16,0,0,0,0,0,0,0,1,60,0,2,0,0,0,0,0,0,0,0,0,19,0,0,0,0,0,0,0,0,0,0,0,0,0,0,0
2021,"7","S","SS",0,0,4,1,0,1,0,0,0,0,2,0,0,0,0,0,0,14,2,1,0,0,0,0,0,0,0,0,0,0,0,0,0,0,0,0,0,0,0,0,0,0,0,0,1,11,0,0,0,0,0,0,10,0,0,0,0,0,0,1,7,59,0,4,0,0,0,0,0,0,0,0,0,19,0,0,0,0,3,0,0,0,0,0,0,0,0,0,0
2021,"7","U","UC",0,0,1,0,0,0,0,0,0,0,0,0,0,4,0,0,0,11,2,2,0,0,0,0,0,0,0,0,0,0,0,0,0,0,0,0,0,0,0,0,0,0,0,0,2,28,0,0,0,0,0,0,3,0,0,0,0,0,0,3,0,60,0,1,0,0,0,0,0,0,0,0,0,19,0,0,0,0,0,0,0,0,0,0,0,0,0,0,0
2021,"7","U","UM",0,0,0,20,0,0,1,0,0,0,0,0,0,0,0,0,0,29,3,0,0,0,0,0,0,0,0,0,0,0,0,0,0,0,0,0,0,0,0,0,0,0,0,0,0,25,0,0,0,0,0,0,8,0,0,0,0,0,0,1,6,55,0,1,5,0,0,0,0,0,0,0,0,8,0,0,0,0,0,0,0,0,0,0,0,0,0,0,0
2021,"7","U","UMS",0,0,0,14,0,0,0,0,0,0,0,0,0,0,0,0,0,12,0,0,0,0,0,0,0,0,0,0,0,0,0,0,0,0,0,0,0,0,0,0,0,0,0,0,0,33,0,1,0,0,0,0,7,0,0,0,0,0,0,0,3,52,0,0,1,0,0,0,0,0,0,0,0,9,0,0,0,0,0,0,0,0,0,0,0,0,0,0,0
2021,"7","U","US",0,0,5,4,0,0,0,0,0,0,0,0,0,0,0,0,0,5,2,0,0,0,0,0,0,0,0,0,0,0,0,0,0,0,0,0,0,0,0,0,0,0,0,0,0,12,0,0,0,0,0,2,0,0,0,0,0,0,0,0,0,56,0,12,2,0,0,0,0,0,0,0,0,21,0,0,0,0,0,0,0,0,0,0,0,0,0,0,0
2021,"8","G","GC",0,0,4,6,0,1,0,0,0,0,0,0,0,16,0,0,0,8,0,0,0,0,0,0,0,0,0,0,0,0,0,0,0,0,0,0,0,0,0,0,0,0,0,0,0,6,0,0,0,0,0,0,2,0,0,0,0,0,0,0,0,59,0,0,0,0,0,0,0,0,0,0,0,22,0,0,0,0,0,0,0,0,0,0,0,0,0,0,0
2021,"8","G","GS",0,0,2,10,0,5,0,0,0,0,0,0,0,12,0,0,0,13,2,0,0,0,0,0,0,2,0,0,0,0,0,0,0,0,0,0,0,0,0,0,0,0,0,0,0,3,0,0,0,0,0,0,0,0,0,0,0,0,0,0,4,59,0,1,4,0,0,0,0,0,0,0,0,17,0,0,0,0,0,0,0,0,0,0,0,0,0,0,0
2021,"8","S","SC",0,0,0,7,0,3,0,0,0,0,0,0,0,5,0,0,0,17,0,0,0,0,0,0,0,0,0,0,0,0,0,0,0,0,0,0,0,0,0,0,0,0,0,0,0,13,0,0,0,0,0,0,0,0,0,0,0,0,0,0,0,56,0,0,0,0,0,0,0,0,0,0,0,28,0,0,0,0,0,0,0,0,0,0,0,0,0,0,0
2021,"8","S","SS",0,0,0,2,0,3,4,0,0,0,0,0,0,9,0,0,0,21,2,0,0,0,0,0,0,0,0,0,0,0,0,0,0,0,0,0,0,0,0,0,0,0,0,0,0,15,1,0,0,0,0,0,0,0,0,0,0,0,0,0,0,60,0,0,0,0,0,0,0,0,0,0,0,18,0,0,0,0,0,0,0,0,0,0,0,0,0,0,0
2021,"8","U","UC",0,0,1,0,0,4,3,0,0,0,0,0,0,1,3,0,0,25,20,0,0,0,0,0,0,0,0,0,0,0,0,0,0,0,0,0,0,0,0,0,0,0,0,0,0,5,0,0,0,0,0,1,1,0,0,0,0,0,0,0,3,59,0,7,2,0,0,0,0,0,0,0,0,7,0,2,1,0,2,0,0,0,0,0,0,0,0,0,0
2021,"8","U","UM",0,0,5,7,0,2,0,0,0,0,0,0,0,7,0,0,0,13,7,0,0,0,0,0,0,0,0,0,0,0,0,0,0,0,0,0,0,0,0,0,0,0,0,0,0,2,0,0,1,0,0,0,2,0,0,0,0,0,0,0,3,59,0,3,0,0,0,0,0,0,0,0,0,19,0,0,0,0,0,0,0,0,0,0,0,0,0,0,0
2021,"8","U","UMS",0,0,3,2,0,0,0,0,0,0,0,0,0,8,4,0,0,21,5,1,0,0,0,0,0,3,0,0,0,0,0,0,0,0,0,0,0,0,0,0,0,0,0,0,0,6,0,0,0,0,0,1,0,0,0,0,0,0,0,2,8,59,0,5,0,0,0,0,0,0,0,0,0,14,0,0,0,0,0,0,0,0,0,0,0,0,0,0,0
2021,"8","U","US",0,0,3,4,0,3,1,0,0,0,0,0,0,6,0,0,0,22,1,0,0,0,0,0,0,0,0,0,0,0,0,0,0,0,0,0,0,0,0,0,0,0,0,0,0,9,0,0,0,0,0,0,2,0,0,0,0,0,0,0,3,61,0,3,1,0,0,0,0,0,0,0,0,20,0,0,0,0,3,0,0,0,0,0,0,0,0,0,0
2021,"9","G","GC",0,0,0,11,0,3,1,0,0,0,0,0,0,31,5,0,0,8,0,0,0,0,0,0,0,5,0,0,0,0,0,0,0,0,0,0,0,0,0,0,0,0,0,0,0,9,0,0,0,0,0,0,1,1,0,0,0,0,0,3,15,54,0,0,0,0,0,0,0,0,0,0,0,0,0,0,0,0,0,0,0,0,0,0,0,0,0,0,0
2021,"9","G","GS",0,0,0,11,0,4,0,0,0,0,0,0,0,13,4,0,0,4,1,0,0,0,0,0,0,0,0,0,0,0,0,0,0,0,0,0,0,0,0,0,0,0,0,0,0,25,0,0,0,0,0,0,0,0,0,0,0,0,0,0,0,47,0,1,0,0,0,0,0,0,0,0,0,11,0,0,0,0,0,0,0,0,0,0,0,0,0,0,0
2021,"9","S","SC",0,0,0,1,0,4,1,0,0,0,0,0,0,23,1,0,0,4,0,0,0,0,0,0,0,0,0,0,0,0,0,0,0,0,0,0,0,0,0,0,0,0,0,0,0,27,0,0,0,0,0,0,0,0,0,0,0,0,0,0,0,52,0,0,0,0,0,0,0,0,0,0,0,17,0,0,0,0,0,0,0,0,0,0,0,0,0,0,0
2021,"9","S","SS",0,0,0,5,0,1,0,0,0,0,0,0,0,20,0,0,0,2,0,0,0,0,0,0,0,0,0,0,0,0,0,0,0,0,0,0,0,0,0,0,0,0,0,0,0,21,0,0,0,0,0,0,0,0,0,0,0,0,0,0,0,44,0,1,0,0,0,0,0,0,0,0,0,18,0,0,0,0,0,0,0,0,0,0,0,0,0,0,0
2021,"9","U","UC",0,0,0,4,0,2,0,0,0,0,0,0,0,7,1,0,0,4,2,0,0,0,0,0,0,5,0,0,0,0,0,0,0,0,0,0,0,0,0,0,0,0,0,0,0,11,0,0,0,0,0,0,2,0,0,0,0,0,0,8,6,56,0,0,0,0,0,0,0,0,0,0,0,18,0,0,0,0,0,0,0,0,0,0,0,0,0,0,0
2021,"9","U","UM",0,0,4,0,0,5,1,0,0,0,0,0,0,2,0,0,0,6,1,0,0,0,0,0,0,1,0,0,0,0,0,0,0,0,0,0,0,0,0,0,0,0,0,0,2,11,0,0,0,0,0,3,0,0,0,0,0,0,0,9,2,58,0,2,0,0,0,0,0,0,0,0,0,24,0,0,0,0,0,0,0,0,0,0,0,0,0,0,0
2021,"9","U","UMS",0,0,1,1,0,3,0,0,0,0,0,0,0,8,0,0,1,11,0,0,0,0,0,0,0,1,0,0,0,0,0,0,0,0,0,0,0,0,0,0,0,0,0,0,0,29,0,0,0,0,0,7,0,0,0,0,0,0,0,3,1,56,0,1,0,0,0,0,0,0,0,0,0,17,0,0,0,0,0,0,0,0,0,0,0,0,0,0,0
2021,"9","U","US",0,0,2,2,0,0,1,0,0,0,0,0,0,13,1,0,0,9,3,0,0,0,0,0,0,0,0,0,0,0,0,0,0,0,0,0,0,0,0,0,0,0,0,0,0,7,0,0,0,0,0,2,0,0,0,0,0,0,0,9,3,57,0,1,0,0,0,0,0,0,0,0,0,18,0,0,0,0,0,0,0,0,0,0,0,0,0,0,0
2022,"1","G","GC",0,0,1,1,0,0,0,0,0,0,0,0,0,4,0,0,0,11,1,1,0,0,0,0,0,0,0,0,0,0,0,0,0,0,0,0,0,0,0,0,0,0,0,0,0,29,0,0,0,0,0,0,0,0,0,0,0,0,0,11,6,48,0,0,0,0,0,0,0,0,0,0,0,12,0,0,0,0,0,0,0,0,0,0,0,0,0,0,0
2022,"1","G","GS",0,0,0,0,0,0,0,0,0,0,0,0,0,0,0,0,0,0,0,0,0,0,0,0,0,0,0,0,0,0,0,0,0,0,0,0,0,0,0,0,0,0,0,0,0,18,0,0,0,1,0,0,0,0,0,0,0,0,0,10,0,12,0,0,0,0,0,0,0,0,0,0,0,32,0,0,0,0,2,0,0,0,0,0,0,0,0,0,0
2022,"1","S","SC",0,0,0,0,0,0,0,0,0,0,0,0,0,3,0,0,0,16,1,0,0,0,0,0,0,0,0,0,0,0,0,0,0,0,0,0,0,0,0,0,0,0,0,0,2,27,0,0,0,0,0,0,0,0,0,0,0,0,0,6,24,59,0,0,0,0,0,0,0,0,0,0,0,12,0,0,0,0,0,0,0,0,0,0,0,0,0,0,0
2022,"1","S","SS",0,0,0,0,0,0,0,0,0,0,0,0,0,0,0,0,0,2,0,0,0,0,0,0,0,0,0,0,0,0,0,0,0,0,0,0,0,0,0,0,0,0,0,0,0,28,0,0,0,1,0,0,0,0,0,0,0,0,0,24,0,10,0,0,0,0,0,4,0,0,0,0,0,18,0,0,0,0,1,0,0,0,0,0,0,0,0,0,0
2022,"1","U","UC",0,0,5,3,0,0,0,0,0,0,0,0,0,3,0,0,0,10,0,0,0,0,0,0,0,0,0,0,0,0,0,0,0,0,0,0,0,0,0,0,0,0,0,0,0,32,0,0,0,0,0,0,1,0,0,0,0,0,1,10,10,50,0,1,0,0,0,0,0,0,0,0,0,11,0,0,0,0,1,0,0,0,0,0,0,0,0,0,0
2022,"1","U","UM",0,0,7,0,0,1,0,0,0,0,0,0,0,5,0,0,0,16,0,0,0,0,0,0,0,0,0,0,0,0,0,0,0,0,0,0,0,0,0,0,0,0,0,0,0,32,0,0,0,0,0,0,0,0,0,0,0,0,0,20,0,54,0,1,0,0,0,0,0,0,0,0,0,6,0,0,0,0,0,0,0,0,0,0,0,0,0,0,0
2022,"1","U","UMS",0,0,0,0,0,0,0,0,0,0,0,0,0,0,0,0,0,0,0,0,0,0,0,0,0,0,0,0,0,0,0,0,0,0,0,0,0,0,0,0,0,0,0,0,0,17,0,0,0,2,0,0,0,0,0,0,0,0,0,8,0,13,0,0,0,0,0,1,0,0,0,0,0,33,0,0,0,0,1,0,0,0,0,0,0,0,0,0,0
2022,"1","U","US",0,0,1,0,0,0,0,0,0,0,0,0,0,0,0,0,0,1,0,0,0,0,0,0,0,0,0,0,0,0,0,0,0,0,0,0,0,0,0,0,0,0,0,0,1,28,0,0,0,1,0,0,0,0,0,0,0,0,0,5,0,6,0,0,0,0,0,2,0,0,0,0,0,23,0,0,0,0,4,0,0,0,0,0,0,0,0,0,0
2022,"10","G","GC",0,0,0,0,0,0,0,0,0,0,0,0,0,32,0,0,0,3,0,0,0,0,0,0,0,0,0,0,0,0,0,0,0,0,0,0,0,0,0,0,0,0,0,0,0,24,0,0,0,0,0,0,0,0,0,0,0,0,0,1,5,47,0,11,1,0,0,0,0,0,0,0,0,7,0,0,0,0,0,0,0,0,0,0,0,0,0,0,0
2022,"10","G","GS",0,0,0,0,0,8,0,1,0,0,0,0,0,8,0,0,0,0,0,0,0,0,0,0,0,0,0,0,0,0,0,0,0,0,0,0,0,0,0,0,0,0,0,0,0,42,0,0,0,0,0,0,0,0,0,0,0,0,0,5,0,2,0,1,0,0,0,1,0,0,0,0,0,8,0,0,0,0,0,0,0,0,0,0,0,0,0,0,0
2022,"10","S","SC",0,0,1,0,0,11,0,0,0,0,0,0,0,25,2,0,0,2,0,0,0,0,0,0,0,0,0,0,0,0,0,0,0,0,0,0,0,0,0,0,0,0,0,0,0,15,0,0,0,0,0,0,0,0,0,0,0,0,0,4,7,42,0,19,0,0,0,0,0,0,0,0,0,11,0,0,0,0,0,0,0,0,0,0,0,0,0,0,0
2022,"10","S","SS",0,0,0,0,0,20,0,0,0,0,0,0,0,10,0,0,0,0,0,0,0,0,0,0,0,0,0,0,0,0,0,0,0,0,0,0,0,0,0,0,0,0,0,0,0,27,0,0,0,1,0,0,0,0,0,0,0,0,0,3,0,10,0,7,0,0,0,0,0,0,0,0,0,10,0,0,0,0,0,0,0,0,0,0,0,0,0,0,0
2022,"10","U","UC",0,0,0,0,0,0,0,0,0,0,0,0,0,43,0,0,0,1,0,0,0,0,0,1,0,0,0,0,0,0,0,0,0,0,0,0,0,0,0,0,0,0,0,0,0,16,0,0,0,0,0,0,0,0,0,0,0,0,0,0,21,53,0,5,0,0,0,0,0,0,0,0,0,4,0,0,0,0,0,0,0,0,0,0,0,0,0,0,0
2022,"10","U","UM",0,0,0,0,0,0,0,0,0,0,0,0,0,7,0,0,0,6,0,0,0,0,0,0,0,0,0,0,0,0,0,0,0,0,0,0,0,0,0,0,0,0,0,0,0,22,0,0,0,0,0,0,0,0,0,0,0,0,0,5,0,53,0,19,0,0,0,0,0,0,0,0,0,13,0,0,0,0,0,0,0,0,0,0,0,0,0,0,0
2022,"10","U","UMS",0,0,0,0,0,1,0,0,0,0,0,0,0,4,0,0,0,2,0,0,0,0,0,0,0,0,0,0,0,0,0,0,0,0,0,0,0,0,0,0,0,0,0,0,0,35,0,0,0,0,0,0,0,0,0,0,0,0,0,3,0,23,0,15,0,0,0,1,0,0,0,0,0,11,0,0,0,0,0,0,0,0,0,0,0,0,0,0,0
2022,"10","U","US",0,0,0,0,0,2,0,0,0,0,0,0,0,0,0,0,0,4,0,0,0,0,0,0,0,0,0,0,0,0,0,0,0,0,2,0,0,0,0,0,0,0,0,0,0,37,0,0,0,2,0,0,0,0,0,0,0,0,0,3,0,3,0,26,0,0,0,1,0,0,0,0,0,6,0,0,0,0,0,0,0,0,0,0,1,0,0,0,0
2022,"2","G","GC",0,0,5,2,0,0,0,0,0,0,0,0,0,24,0,0,0,1,0,0,0,0,0,0,0,0,0,0,0,0,0,0,0,0,0,0,0,0,0,0,0,0,0,0,0,31,0,0,0,0,0,0,0,0,0,0,0,0,0,3,3,44,0,3,0,0,0,0,0,0,0,0,0,6,0,0,0,0,0,0,0,0,0,0,0,0,0,0,0
2022,"2","G","GS",0,0,2,0,0,6,0,0,0,0,0,0,0,7,0,0,0,2,0,0,0,0,0,0,0,0,0,0,0,0,0,0,0,0,0,0,0,0,0,0,0,0,0,0,0,30,0,0,0,2,0,0,0,0,0,0,0,0,0,0,0,20,0,0,0,0,0,3,0,0,0,0,0,21,0,0,0,0,0,0,0,0,0,0,0,0,0,0,0
2022,"2","S","SC",0,0,0,0,0,1,0,0,0,0,0,0,0,36,2,0,0,3,0,0,0,0,0,0,0,0,0,0,0,0,0,0,0,0,0,0,0,0,0,0,0,0,0,0,0,34,0,0,0,0,0,0,0,0,0,0,0,1,0,0,3,44,0,0,0,0,0,0,0,0,0,0,0,7,0,0,0,0,0,0,0,0,0,0,0,0,0,0,0
2022,"2","S","SS",0,0,0,0,0,1,0,0,0,0,0,0,0,14,0,0,0,2,0,0,0,0,0,0,0,0,0,0,0,0,0,0,0,0,1,0,0,0,0,0,0,0,0,0,0,24,0,0,0,4,0,0,0,0,0,0,0,0,0,3,0,2,0,0,0,0,0,4,0,0,0,0,0,23,0,0,0,0,0,0,0,0,0,0,0,0,0,0,0
2022,"2","U","UC",0,0,4,0,0,0,0,0,0,0,0,0,0,16,0,0,0,22,0,0,0,0,0,0,0,0,0,0,0,0,0,0,0,0,0,0,0,0,0,0,0,0,0,0,0,22,0,0,0,0,0,0,0,0,0,0,0,0,0,5,7,47,0,0,0,0,0,0,0,0,0,0,0,5,0,0,0,0,0,0,0,0,0,0,0,0,0,0,0
2022,"2","U","UM",0,0,0,0,0,0,0,0,0,0,0,0,0,17,0,0,0,8,0,0,0,0,0,0,0,0,0,0,0,0,0,0,0,0,0,0,0,0,0,0,0,0,0,0,0,23,0,0,0,0,0,0,0,0,0,0,0,0,0,1,0,49,0,0,0,0,0,0,0,0,0,0,0,21,0,0,0,0,0,0,0,0,0,0,0,0,0,0,0
2022,"2","U","UMS",0,0,0,0,0,0,0,0,0,0,0,0,0,3,0,0,0,3,0,0,0,0,0,0,0,0,0,0,0,0,0,1,0,0,0,0,0,0,0,0,0,0,0,4,0,35,0,0,0,1,0,0,0,0,0,0,0,0,0,5,0,2,0,0,0,0,0,1,0,0,0,0,0,15,0,0,0,0,0,0,0,0,0,0,0,0,0,0,0
2022,"2","U","US",0,0,2,0,0,0,0,0,0,0,0,0,0,14,0,0,0,6,0,0,0,0,0,0,0,0,0,0,0,0,0,0,0,0,1,0,0,0,0,0,0,0,0,0,0,35,0,0,0,0,0,0,0,0,0,0,0,0,0,0,0,23,0,0,0,0,0,0,0,0,0,0,0,16,0,0,0,0,0,0,0,0,0,0,0,0,0,0,0
2022,"3","G","GC",0,0,0,0,0,0,0,0,0,0,0,0,0,2,0,0,0,15,0,0,0,0,0,0,0,0,0,0,0,0,0,0,0,0,0,0,0,1,0,0,0,0,0,0,0,35,0,0,0,0,0,0,0,0,0,0,0,0,0,6,0,55,0,6,0,0,0,0,0,0,0,0,0,9,0,0,0,0,0,0,0,0,0,0,0,0,0,0,0
2022,"3","G","GS",1,0,0,0,0,0,0,0,0,0,0,0,0,0,0,0,0,1,0,0,0,0,0,0,0,0,0,0,0,0,0,0,0,0,0,0,0,1,0,0,0,0,0,0,0,29,0,0,0,0,0,0,0,0,0,0,0,0,0,1,1,12,0,4,0,0,0,6,0,0,0,0,0,20,0,0,0,0,1,0,0,0,0,0,0,0,0,0,0
2022,"3","S","SC",0,0,0,0,0,2,1,0,0,0,0,0,0,0,0,0,0,26,3,0,0,0,0,0,0,0,0,0,0,0,0,0,0,0,0,0,0,0,0,0,0,0,0,0,0,25,0,0,0,0,0,0,0,0,0,0,0,0,0,7,6,54,0,1,0,0,0,0,0,0,0,0,0,11,0,0,0,0,0,0,0,0,0,0,0,0,0,0,0
2022,"3","S","SS",0,0,0,0,0,8,0,0,0,0,0,0,0,1,0,0,0,0,0,0,0,0,0,0,0,0,0,0,0,0,0,0,0,0,0,0,0,0,0,0,0,0,0,0,0,20,0,0,0,0,0,0,0,0,0,0,0,0,0,1,0,24,0,3,0,0,0,3,0,0,0,0,0,28,0,0,0,0,0,0,0,0,0,0,0,0,0,0,0
2022,"3","U","UC",0,0,3,1,0,0,0,0,0,0,0,0,0,7,0,0,0,22,0,10,0,0,0,0,0,0,0,0,0,0,0,0,0,0,0,0,0,0,0,0,0,0,0,0,0,16,0,0,0,0,0,0,0,0,0,0,0,0,0,19,3,60,0,2,0,0,0,0,0,0,0,0,0,3,0,0,0,0,0,0,0,0,0,0,0,0,0,0,0
2022,"3","U","UM",0,0,2,0,0,0,0,0,0,0,0,0,0,7,0,0,0,17,0,2,0,0,0,0,0,0,0,0,0,0,0,0,0,0,0,0,0,0,0,0,0,0,0,0,0,20,0,0,0,0,0,0,0,0,0,0,0,0,0,10,0,60,0,5,0,0,0,0,0,0,0,0,0,12,0,0,0,0,0,0,0,0,0,0,0,0,0,0,0
2022,"3","U","UMS",0,0,1,0,0,3,0,0,0,0,0,0,0,0,0,0,0,4,0,0,0,0,0,0,0,0,0,0,0,0,0,0,0,0,0,0,0,0,0,0,0,0,0,0,0,28,0,0,0,0,0,0,0,0,0,0,0,0,0,6,1,31,0,0,0,0,0,0,0,0,0,0,0,25,0,0,0,0,0,0,0,0,0,0,0,0,0,0,0
2022,"3","U","US",0,0,0,0,0,7,0,0,0,0,0,0,0,0,0,0,0,2,0,0,0,0,0,0,0,0,0,0,0,0,0,0,0,0,0,0,0,0,0,0,0,0,0,0,0,33,0,0,0,0,0,0,0,0,0,0,0,0,0,6,0,31,0,2,0,0,0,2,0,0,0,0,0,19,0,0,0,0,0,0,0,0,0,0,0,0,0,0,0
2022,"4","G","GC",0,0,0,0,0,0,0,0,0,0,0,0,0,15,0,0,0,14,2,0,0,0,0,0,0,0,0,0,0,0,0,0,0,0,0,0,0,0,0,0,0,0,0,0,0,21,0,0,0,0,0,0,1,0,0,0,0,0,0,3,14,43,0,1,0,0,0,0,0,0,0,0,0,13,0,0,0,0,2,0,0,0,0,0,0,0,0,0,0
2022,"4","G","GS",0,0,0,0,0,0,0,0,0,0,0,0,0,0,0,0,0,3,0,0,0,0,0,0,0,0,0,0,0,0,0,0,0,0,0,0,0,0,0,0,0,0,0,0,0,16,0,0,0,1,0,0,0,0,0,0,0,0,0,26,0,4,0,3,0,0,0,3,0,0,0,0,0,15,0,0,0,0,1,0,0,0,0,0,0,0,0,0,0
2022,"4","S","SC",0,0,1,0,0,0,0,0,0,0,0,0,0,17,1,0,0,14,0,3,0,0,0,0,0,0,0,0,0,0,0,0,0,0,0,0,0,0,0,0,0,0,0,0,0,35,0,0,0,0,0,0,2,0,0,0,0,0,0,4,9,53,0,6,0,0,0,0,0,0,0,0,0,6,0,0,0,0,0,0,0,0,0,0,0,0,0,0,0
2022,"4","S","SS",0,0,1,0,0,0,0,0,0,0,0,0,0,2,0,0,0,1,0,0,0,0,0,0,0,0,0,0,0,0,0,0,0,0,0,0,0,0,0,0,0,0,0,0,0,15,0,0,0,4,0,0,1,0,0,0,0,0,0,0,0,15,0,1,0,0,0,2,0,0,0,0,0,39,0,0,0,0,23,0,0,0,0,0,0,0,0,0,0
2022,"4","U","UC",0,0,2,1,0,0,0,0,0,0,0,0,0,1,0,0,0,12,0,11,0,0,0,0,0,0,0,0,0,0,0,0,0,0,0,0,0,0,0,0,0,0,0,0,4,24,0,0,0,0,0,0,0,0,0,0,0,0,0,7,4,42,0,0,0,0,0,0,0,0,0,0,0,12,0,0,0,0,0,0,0,0,0,0,0,0,0,0,0
2022,"4","U","UM",0,0,4,0,0,0,0,0,0,0,0,0,0,6,0,0,0,8,0,2,0,0,0,0,0,0,0,0,0,0,0,0,0,0,0,0,0,0,0,0,0,0,0,0,1,27,0,0,0,3,0,0,0,0,0,0,0,0,0,2,0,50,0,2,0,0,0,0,0,0,0,0,0,15,0,0,0,0,0,0,0,0,0,0,0,0,0,0,0
2022,"4","U","UMS",0,0,1,0,0,0,0,0,0,0,0,0,0,1,0,0,0,7,0,0,0,1,0,0,0,0,0,0,0,0,0,0,0,0,0,0,0,0,0,0,0,0,0,0,2,3,0,0,0,0,0,0,0,0,0,0,0,0,0,1,0,15,0,0,0,0,0,0,0,0,0,0,0,41,0,0,0,0,3,0,0,0,0,0,0,0,0,0,0
2022,"4","U","US",0,0,0,0,0,0,0,0,0,0,0,0,0,0,0,0,0,9,0,0,0,0,0,0,0,0,0,0,0,0,0,0,0,0,0,0,0,0,0,0,0,0,0,0,12,14,0,0,0,2,0,0,0,0,0,0,0,0,0,1,0,15,0,0,0,0,0,1,0,0,0,0,0,24,0,0,0,0,8,0,0,0,0,0,0,0,0,0,0
2022,"5","G","GC",0,0,0,0,0,0,0,0,0,0,0,0,0,7,0,0,0,19,1,0,0,0,0,0,0,0,0,0,0,0,0,0,0,0,0,0,0,0,0,0,0,0,0,0,0,3,0,0,0,0,0,0,0,0,0,0,0,0,0,1,1,59,0,44,0,0,0,0,0,0,0,0,0,5,0,0,0,0,0,0,0,0,0,0,0,0,0,0,0
2022,"5","G","GS",0,0,0,0,0,0,0,0,0,0,0,0,0,0,0,0,0,1,0,0,0,0,0,0,0,0,0,0,0,0,0,0,0,0,0,0,0,0,0,0,0,0,0,0,0,23,0,0,0,0,0,0,0,0,0,0,0,0,0,9,0,20,0,22,0,0,0,2,0,0,0,0,0,12,0,0,0,0,0,0,0,0,0,0,0,0,0,0,0
2022,"5","S","SC",0,0,0,0,0,0,0,0,0,0,0,0,0,0,0,0,0,32,1,0,0,0,0,0,0,0,0,0,0,0,0,0,0,0,0,0,0,0,0,0,0,0,0,0,0,5,0,0,0,0,0,0,0,0,0,0,0,0,0,19,20,57,0,23,0,0,0,0,0,0,0,0,0,0,0,0,0,0,0,0,0,0,0,0,0,0,0,0,0
2022,"5","S","SS",0,0,1,0,0,0,0,0,0,0,0,0,0,0,0,0,0,4,0,0,0,0,0,0,0,0,0,0,0,0,0,0,0,0,0,0,0,0,0,0,0,0,0,0,0,33,0,0,0,0,0,0,0,0,0,0,0,0,0,2,1,10,0,5,0,0,0,1,0,0,0,0,0,23,0,0,0,0,0,0,0,0,0,0,0,0,0,0,0
2022,"5","U","UC",0,0,12,2,0,0,0,0,0,0,1,0,0,19,1,0,0,10,7,0,0,0,0,0,0,0,0,0,0,0,0,0,0,0,0,0,0,0,0,0,0,0,0,0,0,4,1,0,0,0,0,0,0,0,0,0,0,0,0,6,9,58,0,23,7,0,0,0,0,0,0,0,0,4,0,0,0,0,0,0,0,0,0,0,0,0,0,0,0
2022,"5","U","UM",0,0,14,1,0,0,0,0,0,0,0,0,0,3,0,0,0,13,0,0,0,0,0,0,0,0,0,0,0,0,0,0,0,0,0,0,0,0,0,0,0,0,0,0,0,7,0,0,0,0,0,0,0,0,0,0,0,0,0,5,0,54,0,22,0,0,0,0,0,0,0,0,0,11,0,0,0,0,0,0,0,0,0,0,0,0,0,0,0
2022,"5","U","UMS",0,0,0,0,0,0,0,0,0,0,0,0,0,0,0,0,0,10,0,0,0,0,0,0,0,0,0,0,0,0,0,0,0,0,0,0,0,0,0,0,0,0,0,0,0,33,0,0,0,0,0,0,0,0,0,0,0,0,0,1,0,16,0,9,0,0,0,4,0,0,0,0,0,14,0,0,0,0,0,0,0,0,0,0,0,0,0,0,0
2022,"5","U","US",0,0,0,0,0,0,0,0,0,0,0,0,0,0,0,0,0,7,0,0,0,0,0,0,0,0,0,0,0,0,0,0,0,0,0,0,0,0,0,0,0,0,0,0,0,34,0,0,0,0,0,0,0,0,0,0,0,0,0,3,0,7,0,16,0,0,0,2,0,0,0,0,0,14,0,0,0,0,0,0,0,0,0,0,0,0,0,0,0
2022,"6","G","GC",0,0,3,1,0,0,0,0,0,0,0,0,0,3,0,0,0,13,0,0,0,0,0,0,0,0,0,0,0,0,0,0,0,0,0,0,0,0,0,0,0,0,0,0,0,21,0,0,0,0,0,0,0,0,0,0,0,0,0,1,0,53,0,0,0,0,0,0,0,0,0,0,0,23,0,0,0,0,2,0,0,0,0,0,0,0,0,0,0
2022,"6","G","GS",0,0,0,0,0,1,0,0,0,0,0,0,0,4,0,0,0,1,0,0,0,0,0,0,0,0,0,0,0,0,0,0,0,0,0,0,0,0,0,0,1,0,0,0,0,28,0,0,0,3,0,0,0,0,0,0,0,0,0,1,0,5,0,0,0,0,0,8,0,0,0,0,0,7,0,0,0,0,37,0,0,0,0,0,0,0,0,0,0
2022,"6","S","SC",0,0,0,0,0,0,0,0,0,0,0,0,0,4,0,0,0,15,0,2,0,0,0,0,0,0,0,0,0,0,0,0,0,0,0,0,0,0,0,0,0,0,0,0,0,22,0,0,0,0,0,0,0,0,0,0,0,0,0,5,14,52,0,0,0,0,0,0,0,0,0,0,0,16,0,0,0,0,2,0,0,0,0,0,0,0,0,0,0
2022,"6","S","SS",0,0,0,0,0,4,0,0,0,0,0,0,0,0,0,0,0,5,0,0,0,0,0,0,0,0,0,0,0,0,0,1,0,0,0,0,0,0,0,0,0,0,0,0,0,25,0,0,0,0,0,0,0,0,0,0,0,0,0,5,0,11,0,0,0,0,0,2,0,0,0,0,0,20,0,0,0,0,12,0,0,0,0,0,0,0,0,0,0
2022,"6","U","UC",0,0,0,0,0,0,0,0,0,0,0,0,0,1,1,0,0,7,0,0,0,0,0,0,0,0,0,0,0,0,0,0,0,0,0,0,0,0,0,0,0,0,0,0,0,36,0,0,0,0,0,0,0,0,0,0,0,0,0,2,0,50,0,0,0,0,0,0,0,0,0,0,0,13,0,0,0,0,8,0,0,0,0,0,0,0,0,0,0
2022,"6","U","UM",0,0,0,0,0,0,0,0,0,0,0,0,0,2,0,0,0,16,0,0,0,0,0,0,0,0,0,0,0,0,0,0,0,0,0,0,0,0,0,0,0,0,0,0,0,34,0,0,0,0,0,0,0,0,0,0,0,0,0,8,0,59,0,4,0,0,0,0,0,0,0,0,0,14,0,0,0,0,5,0,0,0,0,0,0,0,0,0,0
2022,"6","U","UMS",0,0,0,0,0,0,0,0,0,0,0,0,0,0,0,0,0,3,0,0,0,0,0,0,0,0,0,0,0,0,0,0,0,0,0,0,0,0,0,0,0,0,0,0,0,26,0,0,0,1,0,0,0,0,0,0,0,0,0,2,0,23,0,5,0,0,0,0,0,0,0,0,0,23,0,0,0,0,7,0,0,0,0,0,0,0,0,0,0
2022,"6","U","US",0,0,0,0,0,1,0,0,0,0,0,0,0,0,0,0,0,4,0,0,0,0,0,0,0,0,0,0,0,0,0,0,0,0,0,0,0,0,0,0,0,0,0,0,0,25,0,0,0,0,0,0,0,0,0,0,0,0,0,11,0,3,0,3,0,0,0,3,0,0,0,0,0,14,0,0,0,0,11,0,0,0,0,0,0,0,0,0,0
2022,"7","G","GC",0,0,1,0,0,0,0,0,0,0,0,0,0,2,0,0,0,9,0,0,0,0,0,0,0,0,0,0,0,0,0,0,0,0,0,0,0,0,0,0,0,0,0,0,0,36,0,0,0,0,0,0,1,0,0,0,0,0,0,1,0,58,0,13,0,0,0,0,0,0,0,0,0,8,0,0,0,0,12,0,0,0,0,0,0,0,0,0,0
2022,"7","G","GS",0,0,0,0,0,0,0,0,0,0,0,0,0,0,0,0,0,0,0,0,0,0,0,0,0,0,0,0,0,0,0,0,0,0,0,0,0,0,0,0,0,0,0,0,0,30,0,0,0,0,0,0,0,0,0,0,0,0,0,1,0,9,0,3,0,0,0,4,0,0,0,0,0,19,0,0,0,0,15,0,0,0,0,0,0,0,0,0,0
2022,"7","S","SC",0,0,1,0,0,0,0,0,0,0,0,0,0,0,0,0,0,5,0,0,0,0,0,0,0,0,0,0,0,0,0,0,0,0,0,0,0,0,0,0,0,0,0,0,8,14,0,0,0,0,0,15,0,0,0,0,0,0,0,3,0,53,0,0,0,0,0,0,0,0,0,0,0,18,0,0,0,0,3,0,0,0,0,0,0,0,0,0,0
2022,"7","S","SS",0,0,0,0,0,2,0,0,0,0,0,0,0,0,0,0,0,0,0,0,0,0,0,0,0,0,0,0,0,0,0,0,0,0,0,0,0,0,0,0,0,0,0,0,2,10,0,0,0,0,0,0,0,0,0,0,0,0,0,2,0,24,0,1,0,0,0,3,0,0,0,0,0,33,0,0,0,0,12,0,0,0,0,0,0,0,0,0,0
2022,"7","U","UC",0,0,0,0,0,0,0,0,0,0,0,0,0,6,0,0,0,8,0,2,0,0,0,0,0,0,0,0,0,0,0,0,0,0,0,0,0,0,0,0,0,0,0,0,12,42,0,0,0,0,0,0,2,0,0,0,0,0,0,10,3,59,0,3,0,0,0,0,0,0,0,0,0,1,0,0,0,0,2,0,0,0,0,0,0,0,0,0,0
2022,"7","U","UM",0,0,0,0,0,1,0,0,0,0,0,0,0,0,0,0,0,6,0,0,0,0,0,0,0,0,0,0,0,0,0,1,0,0,0,0,0,0,0,0,0,0,0,0,7,42,0,0,0,0,0,0,1,0,0,0,0,0,0,1,0,8,0,1,0,0,0,4,0,0,0,0,0,7,0,0,0,0,7,0,0,0,0,0,0,0,0,0,0
2022,"7","U","UMS",0,0,0,0,0,0,0,0,0,0,0,0,0,3,0,0,0,19,0,0,0,0,0,0,0,0,0,0,0,0,0,0,0,0,0,0,0,0,0,0,0,0,0,0,0,41,0,0,0,0,0,0,0,0,0,0,0,0,0,11,0,50,0,11,0,0,0,0,0,0,0,0,0,2,0,0,0,0,0,0,0,0,0,0,0,0,0,0,0
2022,"7","U","US",0,0,0,0,0,0,0,0,0,0,0,0,0,0,0,0,0,3,0,0,0,0,0,0,0,0,0,0,0,0,0,0,0,0,0,0,0,0,0,0,0,0,0,0,0,46,0,0,0,0,0,0,2,0,0,0,0,0,0,4,0,16,0,8,0,0,0,6,0,0,0,0,0,6,0,0,0,0,6,0,0,0,0,0,0,0,0,0,0
2022,"8","G","GC",0,0,0,0,0,2,0,0,0,0,0,0,0,15,0,0,0,31,0,0,0,0,0,0,0,0,0,0,0,0,0,0,0,0,0,0,0,0,0,0,0,0,0,0,1,38,0,0,0,0,0,0,1,0,0,0,0,0,0,2,0,56,0,1,0,0,0,0,0,0,0,0,0,3,0,0,0,0,2,0,0,0,0,0,0,0,0,0,0
2022,"8","G","GS",0,0,0,0,0,19,0,0,0,0,0,0,0,4,0,0,0,1,0,0,0,0,0,0,0,0,0,0,0,0,0,0,0,0,0,0,0,0,0,0,0,0,0,0,2,13,0,0,0,0,0,0,0,0,0,0,0,0,0,7,0,22,0,1,0,0,0,1,0,0,0,0,0,20,0,0,0,0,8,0,0,0,0,0,0,0,0,0,0
2022,"8","S","SC",0,0,0,0,0,6,0,0,0,0,0,0,0,20,0,0,0,29,0,0,0,0,0,0,0,0,0,0,0,0,0,0,0,0,0,0,0,0,0,0,0,0,0,0,0,27,0,0,0,0,0,0,0,0,0,0,0,0,0,0,0,53,0,1,0,0,0,0,0,0,0,0,0,11,0,0,0,0,2,0,0,0,0,0,0,0,0,0,0
2022,"8","S","SS",1,0,0,0,0,5,0,0,0,0,0,0,0,1,0,0,0,5,0,0,0,0,0,0,0,0,0,0,0,0,0,1,0,0,0,0,0,0,0,0,0,0,0,0,0,19,0,0,0,0,0,0,0,0,0,0,0,0,0,0,0,11,0,0,0,0,0,5,0,0,0,0,0,18,0,0,0,0,23,0,0,0,0,0,0,0,0,0,0
2022,"8","U","UC",0,0,1,0,0,4,0,0,0,0,0,0,0,6,0,0,0,23,1,0,0,0,0,0,0,0,0,0,0,0,0,0,0,0,0,0,0,0,0,0,0,0,0,0,0,26,0,0,0,0,0,0,0,0,0,0,0,0,0,1,1,50,0,7,0,0,0,0,0,0,0,0,0,12,1,0,0,0,8,0,0,0,0,0,0,0,0,0,0
2022,"8","U","UM",0,0,1,0,0,1,0,0,0,0,0,0,0,6,0,0,0,27,0,0,0,0,0,0,0,0,0,0,0,0,0,0,0,0,0,0,0,0,0,0,0,0,0,0,0,23,0,0,0,0,0,0,0,0,0,0,0,0,0,1,0,50,0,3,0,0,0,0,0,0,0,0,0,9,0,0,0,0,2,0,0,0,0,0,0,0,0,0,0
2022,"8","U","UMS",0,0,0,0,0,2,0,0,0,0,0,0,0,0,0,0,0,9,0,0,0,0,0,0,0,0,0,0,0,0,0,2,0,0,0,0,0,0,0,0,0,0,0,0,0,37,0,0,0,0,0,0,0,0,0,0,0,0,0,3,0,16,0,9,0,0,0,5,0,0,0,0,0,10,0,0,0,0,15,0,0,0,0,0,0,0,0,0,0
2022,"8","U","US",0,0,0,0,0,2,0,0,0,0,0,0,0,3,0,0,0,6,0,0,0,0,0,0,0,0,0,0,0,0,0,0,0,0,0,0,0,0,1,0,0,0,0,0,0,28,0,0,0,1,0,0,0,0,0,0,0,0,0,1,0,26,0,4,0,0,0,2,0,0,0,0,0,19,0,0,0,0,11,0,0,0,0,0,0,0,0,0,0
2022,"9","G","GC",0,0,0,0,0,0,0,0,0,0,0,0,0,23,0,0,0,8,0,0,0,0,0,0,0,0,0,0,0,0,0,0,0,0,0,0,0,0,0,0,0,0,0,0,0,25,0,0,0,0,0,0,0,0,0,0,0,0,0,13,5,56,0,0,0,0,0,0,0,0,0,0,0,5,0,0,0,0,0,0,0,0,0,0,0,0,0,0,0
2022,"9","G","GS",0,0,0,0,0,6,0,0,0,0,0,0,0,8,0,0,0,1,0,0,0,0,0,0,0,0,0,0,0,0,0,0,0,0,2,0,0,0,0,0,0,0,0,0,0,28,0,0,0,3,0,0,0,0,0,0,0,3,0,0,0,3,0,1,0,0,0,15,0,0,0,0,0,16,0,0,0,0,0,0,0,0,0,0,0,0,0,0,0
2022,"9","S","SC",0,0,0,0,0,6,0,0,0,0,0,0,0,24,0,0,0,3,0,0,0,0,0,0,0,0,0,0,0,0,0,0,0,0,0,0,0,0,0,0,0,0,0,0,0,32,0,0,0,0,0,0,0,0,0,0,0,3,0,0,0,36,0,0,0,0,0,0,0,0,0,0,0,9,0,0,0,0,0,0,0,0,0,0,0,0,0,0,0
2022,"9","S","SS",0,0,0,0,0,6,0,0,0,0,0,0,0,28,0,0,0,5,0,0,0,0,0,0,0,0,0,0,0,0,0,1,0,0,0,0,0,0,0,0,0,0,0,0,0,30,0,0,0,2,0,0,0,0,0,0,0,1,0,0,0,4,0,0,0,0,0,4,0,0,0,0,0,10,0,0,0,0,0,0,0,0,0,0,0,0,0,0,0
2022,"9","U","UC",0,0,0,0,0,2,0,0,0,0,0,0,0,15,0,0,0,8,0,0,0,0,0,0,0,0,0,0,0,0,0,0,0,0,0,0,0,0,0,0,0,0,0,0,0,17,0,0,0,0,0,0,0,0,0,0,0,0,0,12,3,53,0,0,0,0,0,0,0,0,0,0,0,15,0,0,0,0,0,0,0,0,0,0,0,0,0,0,0
2022,"9","U","UM",0,0,0,0,0,4,0,0,0,0,0,0,0,3,0,0,0,21,0,0,0,0,0,0,0,0,0,0,0,0,0,0,0,0,0,0,0,0,0,0,0,0,0,0,0,23,0,0,0,0,0,0,1,0,0,0,0,0,0,9,0,57,0,4,0,0,0,0,0,0,0,0,0,11,0,0,0,0,0,0,0,0,0,0,0,0,0,0,0
2022,"9","U","UMS",0,0,0,0,0,8,0,0,0,0,0,0,0,1,0,0,0,4,0,0,0,0,0,0,0,0,0,0,0,0,0,0,0,0,0,0,0,0,0,0,0,0,0,0,1,10,0,0,0,0,0,0,0,0,0,0,0,0,0,8,0,24,0,0,0,0,0,9,0,0,0,0,0,28,0,0,0,0,0,0,0,0,0,0,0,0,0,0,0
2022,"9","U","US",0,0,0,0,0,4,0,0,0,0,0,0,0,11,0,0,0,6,0,0,0,0,0,0,0,0,0,0,0,0,0,0,0,0,7,0,0,0,0,0,0,0,0,0,0,27,0,0,0,2,0,0,2,0,0,0,0,0,0,6,0,9,0,1,0,0,0,13,0,0,0,0,0,9,0,0,0,0,0,0,0,1,0,0,0,0,0,0,0
2023,"1","G","GC",1,0,1,0,0,0,0,0,0,0,0,0,0,3,0,0,0,16,0,1,0,0,0,0,0,0,0,0,0,0,0,0,0,5,0,0,0,0,0,0,0,0,0,0,0,51,0,0,0,0,0,0,10,0,0,0,0,0,0,7,0,3,0,1,0,0,0,0,0,0,0,2,0,1,0,0,0,0,0,0,0,0,0,0,0,0,0,0,0
2023,"1","G","GS",0,0,0,0,0,0,0,0,0,0,0,0,0,0,0,0,0,4,0,0,0,0,0,0,0,0,0,0,0,0,0,0,0,1,0,0,0,0,0,0,0,0,0,0,0,36,0,0,0,1,0,0,5,0,0,0,0,0,0,6,0,3,0,1,0,0,0,23,0,0,0,6,0,5,0,0,0,0,12,0,0,0,0,0,0,0,0,0,0
2023,"1","S","SC",1,0,0,0,0,0,0,0,0,0,0,0,0,2,0,0,0,9,1,0,0,0,0,0,0,0,0,0,0,0,0,0,0,0,0,0,0,0,1,0,0,0,0,0,5,48,0,0,0,0,0,0,2,0,0,0,0,0,0,2,3,54,0,4,0,0,0,0,0,0,0,1,0,6,0,0,0,0,0,0,0,0,0,0,0,0,0,0,0
2023,"1","S","SS",0,0,0,0,0,1,0,0,0,0,0,0,0,0,0,0,0,3,0,0,0,0,0,0,0,0,0,0,0,0,0,0,1,4,0,0,0,0,0,0,1,0,0,0,1,46,0,0,0,1,0,0,8,0,0,0,0,0,0,17,0,3,0,0,0,0,0,22,0,0,0,3,0,3,0,0,0,0,3,0,0,0,0,0,0,0,0,0,0
2023,"1","U","UC",1,0,0,0,0,0,0,0,0,0,0,0,0,1,0,0,0,30,0,0,0,0,0,0,0,0,0,0,0,0,0,0,2,3,0,0,0,0,0,0,0,0,0,0,0,44,0,0,0,0,1,0,5,0,0,0,0,0,0,15,2,33,0,3,0,0,0,0,0,0,0,0,0,5,0,0,0,0,2,0,0,0,0,0,0,0,0,0,0
2023,"1","U","UM",0,0,2,0,0,0,0,0,0,0,0,0,0,3,0,0,0,4,0,0,0,0,0,0,0,11,0,0,0,0,0,0,0,2,0,0,0,0,0,0,0,0,0,0,0,35,0,0,0,0,0,0,0,0,0,0,0,0,0,4,0,48,0,2,0,0,0,0,0,0,0,0,0,13,0,0,0,0,0,0,0,0,0,0,0,0,0,0,0
2023,"1","U","UMS",1,0,2,0,0,1,0,0,0,0,0,0,0,0,0,0,0,2,0,1,0,0,0,0,0,1,0,0,0,0,0,0,0,0,0,0,0,0,0,0,0,0,0,0,0,30,0,0,0,2,0,0,3,0,0,0,0,0,0,21,0,27,0,0,0,0,0,14,0,0,0,2,0,5,0,0,0,0,3,0,0,0,0,0,0,0,0,0,0
2023,"1","U","US",1,0,0,0,0,0,0,0,0,0,0,0,0,0,0,0,0,8,0,0,0,0,0,0,0,0,0,0,0,0,0,0,0,9,0,0,0,0,0,0,0,0,0,0,0,37,0,0,0,0,0,0,10,0,0,0,0,0,0,20,0,23,0,1,0,0,0,16,0,0,1,1,0,2,0,0,0,0,3,0,0,0,0,0,0,0,0,0,0
2023,"10","G","GC",0,0,0,0,0,0,0,0,0,0,0,0,0,26,0,0,0,0,0,0,0,0,0,0,0,0,0,0,0,1,0,0,0,0,0,0,0,0,0,0,0,0,0,0,0,47,0,0,0,0,0,0,0,0,0,0,0,0,0,5,0,13,0,42,0,0,0,0,0,0,0,0,0,1,0,0,0,0,0,0,0,0,0,0,0,0,0,0,0
2023,"10","G","GS",0,0,0,0,0,17,0,0,0,0,0,0,0,14,0,0,0,0,0,0,0,0,0,0,0,0,0,0,0,0,0,2,0,0,0,0,0,0,0,0,2,0,0,0,0,58,0,0,0,2,0,0,0,0,0,0,0,0,0,1,0,2,0,21,0,0,1,14,0,0,0,0,2,1,0,0,0,0,0,0,0,0,0,0,0,0,0,0,0
2023,"10","S","SC",0,0,0,0,0,36,0,0,0,0,0,0,0,24,0,0,0,9,0,0,0,0,0,0,0,0,0,0,0,0,0,0,0,0,0,0,0,0,0,0,0,0,0,0,0,39,0,0,0,0,0,0,0,0,0,0,0,0,0,2,1,9,0,34,0,0,0,0,0,0,0,0,0,0,0,0,0,0,0,0,0,0,0,0,0,0,0,0,0
2023,"10","S","SS",0,0,0,0,0,47,0,0,0,0,0,0,0,6,0,0,0,2,0,0,0,0,0,0,0,0,0,0,0,0,0,2,0,0,0,0,0,0,0,0,0,0,0,0,0,40,0,0,0,2,0,0,0,0,0,0,0,0,0,4,0,1,0,11,0,0,0,14,0,0,0,0,0,2,0,0,0,0,0,0,0,0,0,0,0,0,0,0,0
2023,"10","U","UC",0,0,0,0,0,0,0,0,0,0,0,0,0,37,0,0,0,3,0,0,0,0,2,2,0,0,0,0,0,0,0,0,0,0,0,0,0,0,0,0,0,0,0,0,0,44,0,0,0,0,0,0,0,0,0,0,0,0,0,6,1,31,0,18,0,0,0,0,0,0,0,0,1,1,0,0,0,0,0,0,0,0,0,0,0,0,0,0,0
2023,"10","U","UM",0,0,0,0,0,0,0,0,0,0,0,0,0,8,0,0,0,5,0,0,0,0,0,0,0,0,0,0,0,0,0,0,0,0,0,0,0,0,0,0,0,0,0,0,0,36,0,0,0,0,0,0,1,0,0,0,0,0,0,0,0,37,0,38,0,0,2,0,0,0,0,0,2,6,0,0,0,0,0,0,0,0,0,0,0,0,0,0,0
2023,"10","U","UMS",0,0,0,0,0,0,0,0,0,0,0,0,0,4,0,0,0,14,0,1,0,0,3,0,0,0,0,0,0,0,0,2,0,0,0,0,0,0,0,0,0,0,0,0,0,42,0,0,0,0,0,0,7,0,0,0,0,0,0,0,0,6,0,30,0,0,0,10,0,0,0,0,5,4,0,0,0,0,0,0,0,0,0,0,0,0,0,0,0
2023,"10","U","US",0,0,0,0,0,0,0,0,0,0,0,0,0,5,0,0,0,11,0,0,0,0,0,0,0,0,0,0,0,0,0,1,0,0,0,0,0,0,0,0,0,0,0,0,0,41,0,0,0,2,0,0,8,0,0,0,0,0,0,2,0,8,0,39,0,0,0,19,0,0,0,0,7,2,0,0,0,0,0,0,0,0,0,0,0,0,0,0,0
2023,"2","G","GC",0,0,0,0,0,0,0,0,0,0,0,0,0,14,0,0,0,0,0,2,0,0,0,0,0,14,0,0,0,0,0,0,0,0,0,0,0,0,0,0,0,0,0,0,0,45,0,0,0,0,0,0,0,0,0,0,0,0,0,5,0,30,0,3,0,0,0,0,0,0,0,0,0,7,0,0,0,0,0,0,0,0,0,0,0,0,0,0,0
2023,"2","G","GS",0,0,0,0,0,4,0,0,0,0,0,0,0,0,0,0,0,7,0,0,0,0,0,0,0,0,0,0,0,0,0,0,0,0,0,0,0,0,0,0,0,0,0,0,0,32,0,0,0,17,0,0,32,0,0,0,0,0,0,1,1,3,0,3,0,0,0,17,0,0,0,1,0,0,0,0,0,0,0,0,0,0,0,0,0,0,0,0,0
2023,"2","S","SC",0,0,0,1,0,1,0,0,0,0,0,0,0,33,0,0,0,4,0,0,0,0,0,0,0,0,0,0,0,0,0,0,0,0,0,0,0,0,0,0,0,0,0,0,0,41,0,0,0,0,0,0,1,0,0,0,0,0,0,2,0,37,0,1,0,0,0,0,0,0,0,0,0,5,0,0,0,0,0,0,0,0,0,0,0,0,0,0,0
2023,"2","S","SS",1,0,0,0,0,1,0,0,0,0,0,0,0,1,0,0,0,1,0,0,0,0,0,0,0,5,0,0,0,0,0,0,0,0,0,0,0,0,0,0,0,0,0,0,0,35,0,0,0,3,0,0,4,0,0,0,0,0,0,4,0,13,0,0,0,0,0,8,0,0,0,3,0,8,0,0,0,0,0,0,0,0,0,0,0,0,0,0,0
2023,"2","U","UC",2,0,0,0,0,0,0,0,0,0,0,0,0,14,0,0,0,29,0,0,0,0,0,0,0,1,0,0,0,0,0,0,1,0,0,0,0,0,0,0,0,0,0,0,0,33,0,0,0,0,0,0,5,0,0,0,0,0,0,2,10,14,0,0,0,0,0,0,0,0,0,0,0,4,0,0,0,0,0,0,0,0,0,0,0,0,0,0,0
2023,"2","U","UM",0,0,0,1,0,0,0,0,0,0,0,0,0,21,0,0,0,6,0,0,0,0,0,0,0,0,0,0,0,0,0,0,0,0,0,0,0,0,0,0,0,0,0,0,0,48,0,0,0,0,0,0,5,1,0,0,0,0,0,2,0,18,0,0,0,0,0,0,0,0,0,1,0,7,0,0,0,0,0,0,0,0,0,0,0,0,0,0,0
2023,"2","U","UMS",0,0,0,0,0,0,0,0,0,0,0,0,0,3,0,0,0,15,0,1,0,0,0,0,0,6,0,0,0,0,0,1,0,1,0,0,0,0,0,0,0,0,0,2,0,33,0,0,0,0,0,0,4,0,0,0,0,0,0,1,0,20,0,0,0,0,0,3,0,0,0,0,0,6,0,0,0,0,0,0,0,0,0,0,0,0,0,0,0
2023,"2","U","US",0,0,0,1,0,0,0,0,0,0,0,0,0,5,0,0,0,14,0,0,0,0,0,0,0,6,0,0,0,0,0,1,0,1,0,0,0,0,0,0,0,0,0,0,0,34,0,0,0,1,0,0,5,0,0,0,0,0,0,3,1,26,0,4,0,0,0,2,0,0,0,0,0,7,0,0,0,0,0,0,0,0,0,0,0,0,0,0,0
2023,"3","G","GC",0,0,2,0,0,0,0,0,0,0,0,0,0,0,0,0,0,16,0,0,0,0,0,0,0,0,0,0,0,0,0,0,0,0,0,0,0,1,0,0,0,0,0,11,0,44,0,0,0,0,0,0,3,0,0,0,0,0,0,4,0,37,0,0,0,0,0,0,0,0,0,0,1,3,0,0,0,0,0,0,0,0,0,0,0,0,0,0,0
2023,"3","G","GS",1,0,0,0,0,0,0,0,0,0,0,0,0,0,0,0,0,15,0,0,0,0,0,0,0,0,0,0,0,0,0,1,0,1,0,0,0,3,0,0,0,0,0,0,0,51,0,0,0,1,0,0,1,0,0,0,0,0,0,4,0,13,0,7,0,0,0,24,0,0,0,0,0,1,0,0,0,0,3,0,0,0,0,0,0,0,0,0,0
2023,"3","S","SC",2,0,0,1,0,15,0,0,0,0,0,0,0,3,0,0,0,14,0,0,0,0,0,0,0,0,0,0,0,0,0,0,0,2,0,0,0,0,0,0,0,0,0,0,0,48,0,0,0,1,0,0,6,0,0,0,0,0,0,9,3,31,0,1,0,0,0,0,0,0,0,0,0,1,0,0,0,0,0,0,0,0,0,0,0,0,0,0,0
2023,"3","S","SS",0,0,0,0,0,3,0,0,0,0,0,0,0,0,0,0,0,16,0,0,0,0,0,0,0,0,0,0,0,0,0,0,0,0,0,0,0,0,0,0,0,0,0,0,0,52,0,0,0,0,0,0,1,0,0,0,0,0,0,3,0,9,0,4,0,0,0,10,0,0,0,0,3,2,0,0,0,0,1,0,0,0,0,0,0,0,0,0,0
2023,"3","U","UC",1,0,0,0,0,1,0,0,0,0,0,0,0,6,0,0,0,18,0,6,0,0,0,0,0,1,0,0,0,0,0,0,0,0,0,0,0,0,0,0,0,0,0,0,0,33,0,0,0,1,0,0,2,0,0,0,0,0,0,5,8,38,0,0,0,0,0,0,0,0,0,0,1,6,0,0,0,0,0,0,0,0,0,0,0,0,0,0,0
2023,"3","U","UM",1,0,0,1,0,0,0,0,0,0,1,0,0,3,0,0,0,5,0,5,0,0,0,0,0,1,0,0,0,0,0,0,0,0,0,0,0,0,0,0,0,0,0,0,0,48,0,0,0,0,0,0,1,0,0,0,0,0,0,5,0,55,0,11,0,0,0,0,0,0,0,0,4,2,0,0,0,0,0,0,0,0,0,0,0,0,0,0,0
2023,"3","U","UMS",0,0,0,0,0,8,0,0,0,0,0,0,0,1,0,0,0,14,0,0,0,0,0,0,0,0,0,0,0,0,0,0,0,0,0,0,0,0,0,0,0,0,0,0,0,43,0,0,0,0,0,0,8,0,0,0,0,0,0,1,1,17,0,0,0,0,2,4,0,0,0,0,0,5,0,0,0,0,0,0,0,0,0,0,0,0,0,0,0
2023,"3","U","US",0,0,1,0,0,3,0,0,0,1,0,0,0,0,0,0,0,3,0,0,0,0,0,0,0,0,0,0,0,0,0,1,0,0,0,0,0,0,1,0,0,0,0,0,0,51,0,0,0,0,0,0,3,0,0,0,0,0,0,6,1,33,0,3,0,0,1,3,0,0,0,0,0,4,0,0,0,0,0,0,0,0,0,0,0,0,0,0,0
2023,"4","G","GC",4,0,0,0,0,0,0,0,0,0,0,0,0,11,0,0,0,13,0,0,0,0,0,0,0,1,0,0,0,0,0,0,1,1,0,0,0,0,1,0,0,0,0,0,1,41,0,0,0,0,0,0,6,0,0,0,0,0,0,2,0,31,0,10,0,0,0,0,0,0,0,1,0,3,0,0,0,0,10,0,0,0,0,0,0,0,0,0,0
2023,"4","G","GS",0,0,0,0,0,0,0,0,0,0,0,0,0,1,0,0,0,1,0,0,0,0,0,0,0,2,0,0,0,0,0,0,0,1,0,0,0,0,0,0,0,0,0,0,0,53,0,0,0,0,0,0,1,0,0,0,0,0,0,4,0,20,0,6,0,0,0,7,0,0,0,0,0,5,0,0,0,0,2,0,0,0,0,0,0,0,0,0,0
2023,"4","S","SC",0,0,2,0,0,0,0,0,0,0,0,0,0,7,0,0,0,3,0,1,0,0,0,0,0,1,0,0,0,0,0,0,0,0,0,0,0,0,0,0,0,0,0,0,0,37,0,0,0,0,0,0,0,0,0,0,0,0,0,0,1,43,0,9,0,0,0,0,0,0,0,0,0,9,0,0,0,0,1,0,0,0,0,0,0,0,0,0,0
2023,"4","S","SS",0,0,0,0,0,0,0,0,0,0,0,0,0,5,0,0,0,4,0,2,0,0,0,0,0,0,0,0,0,0,0,0,2,0,0,0,0,0,0,0,0,0,0,0,0,37,0,0,0,0,0,0,4,0,0,0,0,0,0,2,0,8,0,1,0,0,0,5,0,0,0,0,0,13,0,0,0,0,22,0,0,0,0,0,0,0,0,0,0
2023,"4","U","UC",0,0,0,1,0,0,0,0,0,0,0,0,0,2,0,0,0,8,0,5,0,0,0,0,0,1,0,0,0,0,0,0,0,2,0,0,0,0,0,0,0,0,0,0,8,38,0,0,0,0,0,0,1,0,0,0,0,0,0,5,1,44,0,1,0,0,0,0,0,0,0,0,0,9,0,0,0,0,3,0,0,0,0,0,0,0,0,0,0
2023,"4","U","UM",5,0,0,0,0,0,0,0,0,0,0,0,0,6,0,0,0,11,0,7,0,0,0,0,0,0,0,0,0,0,0,0,0,1,0,0,0,0,1,0,0,0,1,0,5,45,0,0,0,6,0,0,2,0,0,0,0,0,0,13,0,21,0,3,0,0,0,0,0,0,0,0,0,2,0,0,0,0,8,0,0,0,0,0,0,0,0,0,0
2023,"4","U","UMS",0,0,0,0,0,0,0,0,0,0,0,0,0,0,0,0,0,3,0,2,0,0,0,0,0,2,0,0,0,0,3,1,0,0,0,0,0,0,0,0,0,0,0,0,14,16,0,0,0,3,0,0,1,0,0,0,0,0,0,4,0,12,0,1,0,0,0,2,0,0,0,0,0,18,0,0,0,0,5,0,0,0,0,0,0,0,0,0,0
2023,"4","U","US",3,0,0,0,0,0,0,0,0,0,0,0,0,4,0,0,0,16,0,2,0,0,0,0,0,0,0,0,0,0,0,1,0,0,0,0,0,0,0,0,0,0,0,0,18,31,0,0,0,0,0,0,0,0,0,0,0,0,0,4,2,5,0,0,0,0,0,4,0,0,0,2,0,9,0,0,0,0,11,0,0,0,0,0,0,0,0,0,0
2023,"5","G","GC",0,0,6,0,0,0,0,0,0,0,0,0,0,1,0,0,0,4,0,0,0,0,0,0,0,0,0,0,0,0,0,0,0,0,0,0,0,0,0,0,0,0,0,0,0,34,0,0,0,0,0,0,0,0,0,0,0,0,0,2,1,47,0,30,0,0,0,0,0,0,0,0,0,3,0,0,0,0,0,0,0,0,0,0,0,0,0,2,0
2023,"5","G","GS",0,0,3,0,0,0,0,0,0,0,0,0,0,4,0,0,0,0,0,0,0,0,0,0,0,0,0,0,0,0,0,0,0,0,0,0,0,0,0,0,0,0,0,0,0,46,0,0,0,2,0,0,1,0,0,0,0,0,0,12,1,7,0,23,0,0,0,3,0,0,0,0,0,1,0,0,0,0,0,0,0,0,0,0,0,1,0,9,0
2023,"5","S","SC",0,0,1,0,0,0,0,0,0,0,0,0,0,0,0,0,0,11,0,0,0,0,0,0,0,0,0,0,0,0,0,0,0,0,0,0,0,0,0,0,0,0,0,0,0,39,0,0,0,0,0,0,4,0,0,0,0,0,0,7,6,30,0,22,0,0,0,0,0,0,0,0,0,3,0,0,0,0,0,0,0,0,0,0,0,0,0,0,0
2023,"5","S","SS",0,0,0,0,0,0,0,0,0,0,0,0,0,0,0,0,0,12,0,0,0,0,0,0,0,0,0,0,0,0,0,0,0,0,0,0,0,0,0,0,0,0,0,0,0,51,0,0,0,2,0,0,2,0,0,0,0,0,0,13,0,6,0,12,0,0,0,0,0,0,0,0,0,4,0,0,0,0,0,0,0,0,0,1,0,0,0,1,0
2023,"5","U","UC",0,0,6,0,0,0,0,0,0,0,0,0,0,0,0,0,0,1,0,0,0,0,0,0,0,1,0,0,0,0,0,0,0,0,0,0,0,0,0,0,0,0,0,0,0,22,0,0,0,0,0,0,0,0,0,0,0,0,0,10,1,49,0,20,0,0,0,0,0,0,0,0,0,11,0,0,0,0,0,0,0,0,0,0,0,0,0,0,0
2023,"5","U","UM",0,0,1,0,0,0,0,0,0,0,0,0,0,0,0,0,0,4,0,0,0,0,0,0,0,1,0,0,0,0,0,0,0,0,0,0,0,0,0,0,0,0,0,0,0,28,0,0,0,0,0,0,1,0,0,0,0,0,0,11,0,53,0,29,0,0,0,0,0,0,0,0,0,10,0,0,0,0,0,0,0,0,0,0,0,0,0,0,0
2023,"5","U","UMS",0,0,2,0,0,0,0,0,0,0,0,0,0,0,0,0,0,5,0,0,0,0,0,0,0,1,0,0,0,0,0,0,0,0,0,0,0,0,0,0,0,0,0,0,0,47,0,0,0,0,0,0,4,0,0,0,0,0,0,8,0,15,0,19,0,0,0,1,0,0,0,0,0,0,0,0,0,0,0,0,0,0,0,0,0,0,0,1,0
2023,"5","U","US",0,0,0,0,0,0,0,0,0,0,0,0,0,1,0,0,0,15,0,0,0,0,0,0,0,0,0,0,0,0,0,0,0,0,0,0,0,0,0,0,0,0,0,0,0,35,0,0,0,2,0,0,6,0,0,0,0,0,0,24,0,3,0,12,0,0,0,12,0,0,0,0,0,3,0,0,0,0,0,0,0,0,0,0,0,0,0,6,0
2023,"6","G","GC",1,0,0,0,0,0,0,0,0,0,0,0,0,2,0,0,0,15,0,0,0,0,0,0,0,0,0,0,0,0,0,0,0,0,0,0,0,0,1,0,0,0,0,0,0,30,0,0,0,0,0,0,1,0,0,0,0,0,0,0,0,32,0,0,0,0,0,0,0,0,0,1,0,5,0,0,0,0,15,0,0,0,0,0,0,0,0,0,0
2023,"6","G","GS",1,0,0,0,0,4,0,0,0,0,0,0,0,7,0,0,0,2,0,0,0,0,0,0,0,0,0,0,0,0,0,1,0,0,0,0,0,0,0,0,0,0,0,0,0,35,0,0,0,1,0,0,0,0,0,0,0,0,0,0,0,29,0,0,0,0,0,23,0,0,0,11,0,4,0,0,0,0,20,0,0,0,0,0,1,0,0,0,0
2023,"6","S","SC",2,0,0,0,0,0,0,0,0,0,0,0,0,8,0,0,0,17,0,11,0,0,0,0,0,0,0,0,0,0,0,0,0,0,0,0,0,0,0,0,0,0,0,0,0,46,0,0,0,0,0,0,1,0,0,0,0,0,0,1,1,33,0,0,0,0,0,0,0,0,0,1,0,2,0,0,0,0,4,0,0,0,0,0,0,0,0,0,0
2023,"6","S","SS",1,0,0,0,0,0,0,0,0,0,0,0,0,0,0,0,0,11,0,0,0,0,0,0,0,0,0,0,0,0,0,2,0,0,0,0,0,0,0,0,1,0,0,0,0,30,0,0,0,0,0,0,13,0,0,0,0,0,0,15,1,11,0,0,0,0,0,24,0,0,0,1,0,5,0,0,0,0,21,0,0,0,2,0,0,0,0,0,0
2023,"6","U","UC",1,0,0,0,0,0,0,0,0,0,0,0,0,4,0,0,0,25,0,0,0,0,0,0,0,0,0,0,0,0,0,0,0,2,0,0,0,0,1,0,0,0,0,0,0,36,0,0,0,0,2,0,2,0,0,0,0,0,0,2,0,17,0,3,0,0,0,0,0,0,0,2,0,1,0,0,0,0,34,0,0,0,0,0,0,0,0,0,0
2023,"6","U","UM",1,0,0,0,0,0,0,0,0,0,0,0,0,5,0,0,0,20,0,0,0,0,0,0,0,0,0,0,0,0,0,0,0,11,0,0,0,0,0,0,0,0,0,0,0,43,0,0,0,0,0,0,11,0,0,0,0,0,0,10,0,23,0,1,0,0,0,0,0,0,0,1,0,3,0,0,0,0,11,0,0,0,0,0,0,0,0,0,0
2023,"6","U","UMS",3,0,0,0,0,0,0,0,0,0,0,0,0,1,0,0,0,12,0,2,0,0,0,0,0,0,0,0,0,0,1,3,0,3,0,0,0,0,1,0,0,0,0,0,0,36,0,0,0,1,0,0,7,0,0,0,0,0,0,15,0,8,0,7,0,0,0,18,0,0,0,2,0,4,0,0,0,0,14,0,0,0,0,0,0,0,0,0,0
2023,"6","U","US",3,0,0,0,0,0,0,0,0,0,0,0,0,0,0,0,0,12,0,0,0,0,0,0,0,0,0,0,0,0,0,3,0,3,0,0,0,0,1,0,0,0,0,0,0,26,0,0,0,0,0,0,17,0,0,0,0,0,0,11,1,4,0,2,0,0,0,25,0,0,0,1,0,0,0,0,0,0,21,0,0,0,0,0,0,0,0,0,0
2023,"7","G","GC",0,0,0,0,0,0,0,0,0,0,0,0,0,1,0,0,0,5,0,1,0,0,0,0,0,0,0,0,0,0,0,0,0,1,0,0,0,0,0,0,0,0,0,0,0,43,0,0,0,0,0,0,6,0,0,0,0,0,0,0,0,58,0,9,0,0,0,0,0,0,0,0,0,0,0,0,0,0,19,0,0,0,0,0,0,0,0,0,0
2023,"7","G","GS",0,0,0,0,0,0,0,0,0,0,0,0,0,0,0,0,0,4,0,0,0,0,0,0,0,0,0,0,0,0,0,0,0,1,0,0,0,0,0,0,0,0,0,0,0,38,0,0,0,1,0,0,7,0,0,0,0,0,0,2,0,34,0,8,0,0,0,8,0,0,0,1,0,1,0,0,0,0,36,0,0,0,0,0,0,0,0,0,0
2023,"7","S","SC",2,0,0,0,0,0,0,0,0,0,0,0,0,0,0,0,0,3,0,0,0,0,0,0,0,0,0,0,0,0,0,0,0,3,0,0,0,0,0,0,0,0,0,0,4,15,0,0,0,0,0,0,29,0,0,0,0,0,0,2,0,40,0,1,0,0,0,0,0,0,0,0,0,1,0,0,0,0,18,0,0,0,0,0,0,0,0,0,0
2023,"7","S","SS",2,0,0,0,0,0,1,0,0,0,0,0,0,1,0,0,0,3,0,0,0,0,0,0,0,0,0,0,0,0,0,6,0,4,0,0,0,0,2,0,1,0,0,0,2,27,0,0,0,0,0,0,17,0,0,0,1,0,0,7,2,4,0,2,0,0,0,32,0,0,0,4,0,1,0,0,0,0,27,0,0,0,0,0,0,0,0,0,0
2023,"7","U","UC",3,0,0,0,0,0,0,0,0,0,0,0,0,5,0,0,0,7,0,4,0,0,0,0,0,0,0,0,0,0,0,0,0,0,0,0,0,0,0,0,0,0,0,0,12,37,0,0,0,0,0,0,23,0,0,0,0,0,0,0,17,29,0,7,0,0,0,0,0,0,0,0,0,2,0,0,0,0,8,0,0,0,0,0,0,0,0,0,0
2023,"7","U","UM",1,0,0,0,0,0,0,0,0,0,0,0,0,1,0,0,0,29,0,0,0,0,0,0,0,0,0,0,0,0,0,0,0,1,0,0,0,0,1,0,0,0,0,0,2,45,0,0,0,0,0,0,19,0,0,0,0,0,0,2,1,48,0,13,0,0,0,0,0,0,0,0,1,0,0,0,0,0,0,0,0,0,0,0,0,0,0,0,0
2023,"7","U","UMS",4,0,0,0,0,0,0,0,0,0,0,0,0,0,0,0,0,4,0,0,0,0,0,0,0,0,0,0,0,0,0,0,0,2,0,0,0,0,0,0,0,0,0,0,2,34,0,0,0,0,0,0,20,0,0,0,0,0,0,1,0,5,0,3,0,0,0,22,0,0,0,0,0,5,0,0,0,0,21,0,0,0,0,0,0,0,0,0,0
2023,"7","U","US",2,0,0,0,0,0,0,0,0,0,0,0,0,2,0,0,0,19,0,0,0,0,0,0,0,0,0,0,0,0,0,1,0,1,0,0,0,0,2,0,0,0,0,0,0,26,0,0,0,0,0,0,15,0,0,0,0,0,0,4,1,9,0,5,0,0,0,25,0,0,0,0,0,2,0,0,0,0,17,0,0,0,0,0,0,0,0,0,0
2023,"8","G","GC",2,0,1,0,0,3,0,0,0,0,0,0,0,13,0,0,0,22,0,0,0,0,0,0,0,0,0,0,0,0,0,0,0,0,0,0,0,0,0,0,0,0,0,0,0,40,0,0,0,0,0,0,4,0,0,0,0,0,0,0,0,49,0,3,0,0,0,0,0,0,0,4,0,3,0,0,0,0,10,0,0,0,0,0,0,0,1,0,0
2023,"8","G","GS",0,0,0,0,0,4,0,0,0,0,0,0,0,7,0,0,0,12,0,0,0,0,0,0,0,0,0,0,0,0,0,2,0,0,0,0,0,0,0,0,0,0,0,0,0,33,0,0,0,1,0,0,3,0,0,0,0,0,0,1,0,11,0,3,0,0,0,16,0,0,0,1,0,4,0,0,0,0,18,0,0,0,0,0,0,0,0,0,0
2023,"8","S","SC",0,0,0,0,0,0,0,0,0,0,0,0,0,9,0,0,0,16,0,0,0,0,0,0,0,0,0,0,0,0,0,0,0,0,0,0,0,0,0,0,0,0,0,0,0,38,0,0,0,0,0,0,2,0,0,0,0,0,0,1,0,19,0,0,0,0,0,0,0,0,0,1,0,3,0,0,0,0,18,0,0,0,0,0,0,0,0,0,0
2023,"8","S","SS",2,0,0,0,0,0,0,0,0,0,0,0,0,1,0,0,0,9,0,0,0,0,0,0,0,0,0,0,0,0,0,2,1,0,0,0,0,0,2,0,2,0,0,0,0,41,0,0,0,3,0,0,1,0,0,0,0,0,0,2,0,4,0,0,0,0,0,33,0,0,0,0,0,1,0,0,0,0,23,0,0,0,0,0,0,0,0,0,0
2023,"8","U","UC",3,0,0,0,0,2,2,0,0,0,0,0,0,7,0,0,0,23,1,0,0,0,0,0,0,0,0,0,0,0,0,0,0,1,0,2,0,0,1,0,0,0,0,0,0,36,0,0,0,0,0,0,1,0,0,0,0,0,0,0,1,33,0,12,0,0,0,0,0,0,0,1,0,1,0,0,0,0,24,0,0,0,0,0,0,0,0,0,0
2023,"8","U","UM",1,0,0,0,0,0,0,0,0,0,0,0,0,8,0,0,0,11,0,0,0,0,0,0,0,0,0,0,0,0,0,0,0,0,0,0,0,0,0,0,0,0,0,0,0,34,0,0,0,0,0,0,1,0,0,0,0,0,0,3,0,53,0,8,0,0,0,0,0,0,0,0,0,8,0,0,0,0,8,0,0,0,0,0,0,0,0,0,0
2023,"8","U","UMS",0,0,0,0,0,0,0,0,0,0,0,0,0,2,0,0,0,15,0,0,0,0,0,0,0,1,0,0,0,0,0,0,0,1,0,0,0,0,0,0,0,0,0,0,0,26,0,0,0,0,0,0,2,0,0,0,0,0,0,2,0,21,0,6,0,0,0,4,0,0,0,1,0,13,0,0,0,0,18,0,0,0,0,0,0,0,0,0,0
2023,"8","U","US",0,0,0,0,0,0,1,0,0,0,0,0,0,4,0,0,0,23,0,0,0,0,0,0,0,0,0,0,0,0,0,3,1,1,0,0,0,0,0,0,0,0,0,0,0,24,0,0,0,0,0,0,4,0,0,0,0,0,0,2,0,18,0,4,0,0,0,13,0,0,0,1,0,3,0,0,0,0,36,0,0,0,0,0,0,0,0,0,0
2023,"9","G","GC",0,0,0,0,0,0,0,0,0,0,0,0,0,34,0,0,0,19,0,0,0,0,0,0,0,0,0,0,0,0,0,0,0,1,0,0,0,0,0,0,0,0,0,0,0,46,0,0,0,0,0,0,0,0,0,0,0,0,0,3,0,25,0,5,0,0,3,0,0,0,0,0,1,0,0,0,0,0,0,0,0,0,0,0,0,0,0,0,0
2023,"9","G","GS",0,0,0,0,0,0,0,0,0,0,0,0,0,11,0,0,0,9,0,0,0,0,0,0,0,0,0,0,0,0,0,2,1,4,0,0,0,0,0,0,0,0,0,0,0,41,0,0,0,3,0,0,11,0,0,0,0,0,0,1,0,1,0,0,0,0,0,49,0,0,0,0,2,1,0,0,0,0,0,0,0,0,0,0,0,4,0,0,0
2023,"9","S","SC",0,0,0,0,0,10,0,0,0,0,0,0,0,41,0,0,0,1,0,0,0,0,0,0,0,0,0,0,0,0,0,0,0,0,0,0,0,0,0,0,0,0,0,0,0,40,0,0,0,0,0,0,2,0,0,0,0,0,0,0,1,27,0,2,0,0,0,0,0,0,0,1,0,3,0,0,0,0,0,0,0,0,0,0,0,1,0,0,0
2023,"9","S","SS",0,0,0,0,0,2,0,0,0,0,0,0,0,17,0,0,0,9,0,0,0,0,0,0,0,0,0,0,0,0,0,7,0,1,0,0,0,0,0,0,0,0,0,0,0,42,0,0,0,3,0,0,0,0,0,0,0,0,0,2,1,1,0,0,0,0,0,39,0,0,0,7,0,1,0,0,0,0,0,0,0,0,0,0,0,2,0,0,0
2023,"9","U","UC",1,0,0,0,0,1,0,0,0,0,0,0,0,35,0,0,0,10,0,0,0,0,0,0,0,0,0,0,0,0,0,0,0,0,0,0,0,0,0,0,0,0,0,0,6,39,0,0,0,0,0,0,5,0,0,0,0,0,0,1,3,37,0,1,0,0,2,0,0,0,0,0,0,1,0,0,0,0,0,0,0,2,0,0,0,1,0,0,0
2023,"9","U","UM",0,0,0,0,0,6,0,0,0,0,0,0,0,6,0,0,0,15,0,0,0,0,0,0,0,0,0,0,0,0,0,0,0,1,0,0,0,0,0,0,0,0,0,0,6,43,0,0,0,0,0,0,8,0,0,0,0,0,0,3,0,43,0,16,0,0,4,1,0,0,0,0,0,1,0,0,0,0,0,0,0,0,0,0,0,0,0,0,0
2023,"9","U","UMS",1,0,1,0,0,0,0,0,0,0,0,0,0,3,0,0,0,10,0,0,0,0,0,0,0,0,0,0,0,0,0,1,0,1,0,0,0,0,0,0,0,0,0,0,2,36,0,0,0,6,0,0,7,0,0,0,0,0,0,17,0,4,0,0,0,0,0,42,0,0,0,1,0,1,0,0,0,0,0,0,0,0,0,0,0,0,0,0,0
2023,"9","U","US",1,0,0,0,0,0,0,0,0,0,0,0,0,9,0,0,0,12,0,0,0,0,0,0,0,0,0,0,0,0,0,0,0,0,0,0,0,0,0,0,0,0,0,0,2,42,0,0,0,0,0,0,12,0,0,0,0,0,0,0,6,6,0,2,0,0,0,45,0,0,0,0,0,0,0,0,0,0,4,0,0,1,0,0,0,1,0,0,0
2024,"1","G","GC",6,0,1,0,0,0,0,0,0,0,0,0,0,15,0,0,0,52,0,9,1,0,0,0,0,0,0,0,0,0,0,0,0,6,0,0,0,0,0,0,0,0,0,0,0,3,0,0,0,0,0,0,21,0,0,0,0,0,0,6,3,38,0,1,0,0,0,0,0,0,0,0,0,0,0,0,0,0,0,0,0,0,0,0,0,0,0,0,0
2024,"1","G","GS",2,0,0,0,0,1,0,0,0,0,0,0,0,2,0,0,0,25,0,2,0,0,1,0,0,0,0,0,0,0,0,0,0,5,0,0,0,0,0,0,0,0,0,0,0,6,0,0,0,3,0,0,43,0,0,0,0,0,0,11,6,16,0,0,0,0,0,16,0,0,0,3,0,0,0,0,0,0,2,0,0,0,0,2,0,0,0,0,0
2024,"1","S","SC",4,0,0,0,0,0,0,0,0,0,0,0,0,14,0,0,0,50,0,3,0,0,0,0,0,0,0,0,0,0,0,0,0,5,0,0,0,0,0,0,0,0,0,0,0,3,0,0,0,0,0,0,22,0,0,0,0,0,0,16,8,46,0,0,0,0,0,0,0,0,0,1,0,1,0,0,0,0,0,0,0,0,0,0,0,0,0,0,0
2024,"1","S","SS",2,0,0,0,0,0,0,0,0,0,0,0,0,5,0,0,0,33,0,1,0,0,0,0,0,0,0,0,0,0,0,0,0,15,0,0,0,0,0,0,0,0,0,0,0,0,0,0,0,0,0,0,33,0,0,0,0,0,0,24,10,40,0,1,0,0,0,5,0,0,0,0,0,0,0,0,0,0,1,0,0,0,0,0,0,0,0,0,0
2024,"1","U","UC",0,0,15,0,0,0,0,0,0,0,0,0,0,8,0,0,0,47,1,1,0,0,1,0,0,0,0,0,0,0,0,0,0,1,0,0,0,0,0,0,0,0,0,0,0,0,0,0,0,0,2,0,13,0,0,0,0,0,0,8,19,50,0,2,0,0,0,0,0,0,0,0,0,1,0,0,0,0,0,0,0,0,0,0,0,0,0,0,0
2024,"1","U","UM",0,0,1,0,0,0,0,0,0,0,0,0,0,20,0,0,0,56,0,1,0,0,0,0,0,0,0,0,0,0,0,0,0,1,0,0,0,0,0,0,0,0,0,0,0,0,0,0,0,0,0,0,2,0,0,0,0,0,0,12,2,59,0,3,0,0,0,0,0,0,0,0,0,0,0,0,0,0,0,0,0,0,0,0,0,0,0,0,0
2024,"1","U","UMS",0,0,0,0,0,0,0,0,0,0,0,0,0,1,0,0,0,49,0,10,0,0,0,0,0,0,0,0,0,0,0,0,0,5,0,0,0,0,0,0,0,0,0,0,0,1,0,0,0,4,0,0,42,0,0,0,0,0,0,11,3,56,0,0,0,0,0,0,0,0,0,0,0,1,0,0,0,0,1,0,0,0,0,0,0,0,0,0,0
2024,"1","U","US",1,0,1,0,0,0,0,0,0,0,0,0,0,1,1,0,0,37,0,2,0,0,0,0,0,2,0,0,0,0,0,0,0,8,0,0,0,0,0,0,0,6,0,0,0,0,0,0,0,0,0,0,23,0,0,0,0,0,0,35,23,49,0,0,0,0,0,0,0,0,0,0,0,0,0,0,0,0,0,0,0,0,0,0,0,0,0,0,0
2024,"10","G","GC",0,0,0,0,0,0,0,0,0,0,0,0,0,44,0,0,0,2,0,0,0,0,0,0,0,0,0,0,0,0,0,0,0,0,0,0,0,0,0,0,0,0,0,0,0,2,0,0,0,0,0,0,0,0,0,0,0,0,0,8,5,60,0,48,0,0,0,0,0,0,0,0,0,1,0,0,0,0,0,0,0,0,0,0,0,0,0,0,0
2024,"10","G","GS",0,0,3,0,0,0,0,0,0,0,0,0,0,11,0,0,0,2,0,0,0,0,0,0,0,1,0,0,0,0,0,0,0,0,0,0,0,0,0,0,0,0,0,0,0,17,0,0,0,0,0,0,1,0,0,0,0,0,0,1,0,48,0,41,0,0,0,0,0,0,0,0,1,5,0,0,0,0,0,0,0,0,0,0,0,0,0,0,0
2024,"10","S","SC",0,0,1,1,0,0,0,0,0,0,0,0,0,51,0,0,0,13,0,0,0,0,0,0,0,0,0,0,0,0,0,0,0,0,0,0,0,0,0,0,0,0,0,0,0,1,0,0,0,0,0,0,0,0,0,0,0,0,0,10,9,65,0,34,0,0,0,0,0,0,0,0,0,1,0,0,0,0,0,0,0,0,0,0,0,0,0,0,0
2024,"10","S","SS",0,0,0,0,0,0,4,0,0,0,0,0,0,30,0,0,0,16,0,0,0,0,0,0,0,0,0,0,0,0,0,0,0,1,0,0,0,0,0,0,1,0,0,0,0,12,0,0,0,4,0,0,10,0,0,0,0,0,0,13,5,41,0,50,0,0,0,0,0,0,0,0,0,0,0,0,0,0,0,0,0,0,0,0,0,0,0,0,0
2024,"10","U","UC",0,0,0,0,0,0,0,0,0,0,0,0,0,55,0,0,0,4,0,0,0,0,5,22,0,0,0,0,0,0,0,0,0,0,0,0,0,0,0,0,0,0,0,0,0,0,0,0,0,0,0,0,0,0,0,0,0,0,0,6,32,54,0,14,0,0,0,0,1,0,0,0,0,0,0,0,0,0,0,0,0,0,0,0,0,0,0,0,0
2024,"10","U","UM",0,0,2,1,0,0,0,0,0,0,0,0,0,25,0,0,0,18,0,0,0,0,0,0,0,0,0,0,0,0,0,0,0,0,0,0,0,0,0,0,0,0,0,0,0,2,0,0,0,0,0,0,2,0,0,0,0,0,0,10,0,58,0,46,0,0,1,0,1,0,0,0,1,2,0,0,0,0,0,0,0,0,0,0,0,0,0,0,0
2024,"10","U","UMS",0,0,0,0,0,0,0,0,4,0,0,0,0,22,0,0,0,45,0,0,0,0,0,0,0,0,0,0,0,0,0,0,0,0,0,0,0,0,0,0,0,0,0,0,0,0,0,0,0,0,0,0,15,0,0,0,0,0,0,2,0,55,0,38,0,0,0,0,0,0,0,0,0,0,0,0,0,0,0,0,0,0,0,0,0,0,0,0,0
2024,"10","U","US",0,0,0,0,0,0,0,0,0,0,0,0,0,24,0,0,0,57,0,0,0,0,0,5,0,0,0,0,0,0,0,0,0,0,0,0,0,0,0,0,0,7,0,0,0,0,0,0,0,0,0,0,1,0,0,0,0,0,0,15,25,59,0,27,0,0,0,0,0,0,0,0,0,0,0,0,0,0,0,0,0,0,0,0,0,0,0,0,0
2024,"2","G","GC",0,0,0,0,0,0,0,0,0,0,0,0,0,56,0,0,0,7,0,0,0,0,0,0,0,0,0,0,0,0,0,0,0,0,0,0,0,0,0,0,0,0,0,0,0,0,0,0,0,0,0,0,4,0,0,0,0,0,0,6,0,41,0,5,0,0,0,0,0,0,0,0,0,1,0,0,0,0,0,0,0,0,0,0,0,0,0,0,0
2024,"2","G","GS",0,0,0,0,0,1,0,0,0,0,0,0,0,25,0,0,0,23,0,0,0,0,0,0,0,1,0,0,0,0,0,0,0,0,0,0,0,0,0,0,0,0,0,0,0,3,0,0,0,2,0,0,53,0,0,0,0,0,0,2,2,35,0,3,0,0,0,0,0,0,0,0,0,0,0,0,0,0,0,0,0,0,0,0,0,0,0,0,0
2024,"2","S","SC",0,0,2,1,0,0,0,0,0,0,0,0,0,51,0,0,0,18,0,0,0,0,0,0,0,0,0,0,0,0,0,0,0,0,0,0,0,0,0,0,0,0,0,0,0,0,0,0,0,0,0,0,10,0,0,0,0,0,0,4,7,46,0,1,0,0,0,0,0,0,0,0,0,0,0,0,0,0,0,0,0,0,0,0,0,0,0,0,0
2024,"2","S","SS",0,0,1,0,0,0,0,0,0,0,0,0,0,38,0,0,0,30,1,0,0,0,0,0,0,0,0,0,0,0,0,0,0,1,0,0,0,0,0,0,0,4,0,0,0,0,0,0,0,1,0,0,24,0,0,0,0,0,0,4,25,53,0,1,0,0,0,0,0,0,0,0,0,0,0,0,0,0,0,0,0,0,0,0,0,0,0,0,0
2024,"2","U","UC",2,0,1,0,0,0,0,0,0,0,0,0,0,32,5,0,0,34,4,2,0,0,0,0,0,2,2,0,0,0,0,0,0,0,0,0,0,0,0,0,0,0,0,1,0,0,0,0,0,0,0,0,1,0,0,0,0,0,0,16,18,48,0,0,0,0,0,0,0,0,0,0,0,0,0,0,0,0,0,0,0,0,0,0,0,0,0,0,0
2024,"2","U","UM",0,0,3,0,0,0,0,0,0,0,0,0,0,30,0,0,0,32,0,0,0,0,0,0,0,1,0,0,0,0,0,0,0,1,0,0,0,0,0,0,0,0,0,0,0,0,0,0,0,0,0,0,10,0,0,0,0,0,0,7,1,46,0,0,0,0,0,0,0,0,0,0,0,7,0,0,0,0,0,0,0,0,0,0,0,0,0,0,0
2024,"2","U","UMS",4,0,0,3,0,0,0,0,0,0,0,0,0,26,0,0,0,38,0,0,0,0,0,0,0,2,0,0,0,0,0,0,0,0,0,0,0,0,0,0,0,0,0,6,0,0,0,0,0,4,0,0,1,0,0,0,0,0,0,10,3,46,0,0,0,0,0,0,0,0,0,0,0,2,0,0,0,0,0,0,0,0,0,0,0,0,0,0,0
2024,"2","U","US",0,29,1,0,0,0,0,0,0,0,0,0,0,43,0,0,0,26,2,0,0,0,0,0,0,0,0,0,0,0,0,0,0,2,0,0,0,0,0,0,0,13,0,3,0,0,0,0,0,1,0,0,0,0,0,0,0,0,0,18,22,39,0,1,0,0,0,0,0,0,0,0,0,0,0,0,0,0,0,0,0,0,0,0,0,0,0,0,0
2024,"3","G","GC",3,0,1,0,0,0,0,0,0,0,0,0,0,0,0,0,0,44,0,0,0,0,0,0,0,0,0,0,0,0,0,0,0,1,0,0,0,5,0,0,0,0,0,17,1,11,0,0,0,0,0,0,10,0,0,0,0,0,0,4,0,43,0,4,0,0,0,0,0,0,0,0,1,0,0,0,0,0,0,0,0,0,0,0,0,0,0,0,0
2024,"3","G","GS",12,0,0,0,2,0,0,0,0,0,0,0,0,2,0,0,0,51,0,0,0,0,0,0,0,0,0,0,0,0,0,0,0,3,0,0,0,1,2,0,0,0,0,0,0,4,0,0,0,1,0,0,11,0,0,0,0,0,0,5,2,36,0,28,1,0,0,3,0,0,0,0,2,1,0,0,0,0,2,0,0,0,0,0,0,0,0,0,0
2024,"3","S","SC",3,0,2,0,0,5,1,0,0,0,0,0,0,2,0,0,0,54,0,5,0,0,0,0,0,0,0,0,0,0,0,0,0,2,0,0,0,0,0,0,0,0,0,0,0,10,0,0,0,1,0,0,12,0,0,0,0,0,0,13,15,48,0,2,0,0,0,0,0,0,0,0,0,0,0,0,0,0,0,0,0,0,0,0,0,0,0,0,0
2024,"3","S","SS",4,0,0,0,0,1,0,0,0,0,0,0,0,1,1,0,0,49,0,4,0,0,0,0,0,0,0,0,0,0,0,0,0,4,0,0,0,0,0,0,0,0,0,0,0,12,0,0,0,0,0,0,9,0,0,0,0,0,0,5,4,45,0,13,0,0,0,6,0,0,0,0,1,1,0,0,0,0,0,0,0,0,0,0,0,0,0,0,0
2024,"3","U","UC",1,2,0,0,0,1,0,0,0,0,0,0,0,15,3,0,0,48,0,14,0,0,0,0,0,1,0,0,0,0,0,0,0,0,0,0,0,0,0,0,0,0,0,0,0,9,0,0,0,2,0,0,9,0,0,0,0,0,0,21,8,46,0,2,0,0,2,0,0,0,0,0,0,0,0,0,0,0,0,0,0,0,0,0,0,0,0,0,0
2024,"3","U","UM",4,0,1,0,0,0,0,0,0,0,0,0,0,18,0,0,0,42,0,6,0,0,0,0,0,1,0,0,0,0,0,0,0,0,0,0,0,0,0,0,0,0,0,0,0,1,0,0,0,0,0,0,6,0,0,0,0,0,0,6,2,58,0,13,0,0,0,0,0,0,0,0,1,1,0,0,0,0,0,0,0,0,0,0,0,0,0,0,0
2024,"3","U","UMS",3,0,0,0,0,0,0,0,0,0,0,0,0,3,0,0,0,53,0,0,0,0,0,0,0,1,0,0,0,0,0,0,0,0,0,0,0,0,0,0,0,0,0,0,0,3,0,0,0,4,0,0,20,0,0,0,0,0,0,13,0,53,0,1,0,0,0,0,0,0,0,0,0,1,0,0,0,0,0,0,0,0,0,0,0,0,0,0,0
2024,"3","U","US",6,0,1,0,0,0,1,0,0,0,0,0,0,10,0,0,0,53,0,1,0,0,0,0,0,0,0,0,0,0,0,0,0,0,0,0,0,0,0,0,0,5,0,0,0,0,0,0,0,1,0,0,12,0,0,0,0,0,0,12,24,59,0,12,0,0,3,0,0,0,0,0,0,0,0,0,0,0,0,0,0,0,0,1,0,0,0,0,0
2024,"4","G","GC",4,0,0,0,0,0,0,0,0,0,0,0,0,22,0,0,0,41,0,4,0,0,0,0,0,1,0,0,0,0,0,0,0,0,0,0,0,0,0,0,0,0,0,0,0,4,0,0,0,0,0,0,23,0,0,0,0,0,0,5,1,45,0,9,0,0,0,0,0,0,0,0,0,6,0,0,0,0,3,0,0,0,0,0,0,0,0,0,0
2024,"4","G","GS",1,0,1,0,0,0,0,0,0,0,0,0,0,1,0,0,0,37,0,2,0,0,0,0,0,0,0,0,0,0,0,0,1,13,0,0,0,0,3,2,0,0,0,0,0,9,1,0,0,0,0,0,16,0,0,0,0,0,0,5,3,28,0,14,0,0,0,6,0,0,0,0,0,2,0,0,0,0,9,0,0,0,0,0,0,0,0,0,0
2024,"4","S","SC",6,0,0,0,0,0,0,0,0,0,0,0,0,27,0,0,0,28,0,20,0,0,1,0,0,0,0,0,0,0,0,0,0,0,0,0,0,0,0,0,0,0,0,0,0,12,0,0,0,0,0,0,0,0,0,0,0,0,0,2,17,39,0,9,0,0,0,0,0,0,0,0,0,2,0,0,0,0,4,0,0,0,0,0,0,0,0,0,0
2024,"4","S","SS",0,0,0,0,0,0,0,0,0,0,0,0,0,5,0,0,0,31,0,25,0,0,0,0,0,0,0,0,0,0,0,1,0,0,0,0,0,0,0,0,0,1,0,0,0,8,0,0,0,1,0,0,22,0,0,0,0,0,0,7,11,35,0,2,0,0,0,9,0,0,0,0,0,2,0,0,0,0,2,0,0,0,0,0,0,0,0,0,0
2024,"4","U","UC",0,0,0,0,0,0,0,0,0,0,0,0,0,9,0,0,0,32,0,22,0,0,0,0,0,0,0,0,0,0,0,0,0,0,0,0,0,0,0,0,0,0,0,0,0,0,0,0,0,0,0,0,2,0,0,0,0,0,0,5,18,25,0,0,0,0,0,0,0,0,0,0,0,13,0,0,0,0,0,0,0,0,0,0,0,0,0,0,0
2024,"4","U","UM",0,0,0,0,0,0,0,0,0,0,0,0,0,7,0,0,0,42,0,27,0,0,0,0,0,0,0,0,0,0,0,0,0,1,0,0,0,0,0,0,0,0,0,0,0,0,0,0,0,0,0,0,1,0,0,0,0,0,0,4,3,51,0,9,0,0,0,0,0,0,0,0,0,3,0,0,0,0,0,0,0,0,0,0,0,0,0,0,0
2024,"4","U","UMS",1,0,0,0,0,1,0,0,0,0,0,0,0,2,0,0,0,46,0,8,0,0,0,0,0,0,0,0,0,0,0,1,0,0,0,0,0,0,0,0,1,0,0,0,3,9,0,0,0,1,0,0,14,0,0,0,0,0,0,3,0,44,0,0,0,1,0,2,0,0,0,0,0,5,0,0,0,0,7,0,0,0,0,0,0,0,0,0,0
2024,"4","U","US",0,0,0,0,0,0,0,0,0,0,0,0,0,0,0,0,0,41,0,24,0,0,0,0,0,0,0,0,0,0,0,0,0,0,0,0,0,0,0,0,0,0,0,0,9,1,0,0,0,2,0,0,2,0,0,0,0,0,0,1,33,36,0,1,0,0,0,5,0,0,0,1,0,0,0,0,0,0,3,0,0,0,0,0,0,0,0,0,0
2024,"5","G","GC",0,0,0,0,0,0,0,0,0,0,0,0,0,4,0,0,0,38,0,0,0,0,0,0,0,0,0,0,0,0,0,0,0,0,0,0,0,0,0,0,0,0,0,0,0,3,0,0,0,0,0,0,12,0,0,0,0,0,0,7,9,48,0,49,0,0,0,0,0,0,0,0,0,0,0,0,0,0,0,0,0,0,0,0,0,0,0,4,0
2024,"5","G","GS",0,0,0,0,0,0,0,0,0,0,0,0,0,1,0,0,0,42,0,0,0,0,0,0,0,0,0,0,0,0,0,0,0,0,0,0,0,0,0,0,0,0,0,0,0,0,0,0,0,3,0,0,11,0,0,0,0,0,0,3,17,49,0,38,0,0,0,0,0,0,0,0,0,0,0,0,0,0,0,0,0,0,0,1,0,0,0,4,0
2024,"5","S","SC",0,0,0,0,0,0,0,0,0,0,0,0,0,2,0,0,0,43,0,0,0,0,0,0,0,0,0,0,0,0,0,0,0,0,0,0,0,0,0,0,0,0,0,0,0,2,0,0,0,0,0,0,11,0,0,0,0,0,0,20,34,37,0,37,0,0,0,0,0,0,0,0,0,0,0,0,0,0,0,0,0,0,0,2,0,0,0,0,0
2024,"5","S","SS",0,0,0,0,0,0,0,0,0,0,0,0,0,0,0,0,0,47,0,1,0,0,0,0,0,0,0,0,0,0,0,0,0,0,0,0,0,0,0,0,0,0,0,0,0,1,0,0,0,2,0,0,11,0,0,0,0,0,0,26,18,44,0,16,0,0,0,0,0,0,0,0,0,1,0,0,0,0,0,0,0,0,0,1,0,0,0,0,0
2024,"5","U","UC",0,0,0,0,0,0,0,0,0,0,0,0,0,12,0,0,0,44,0,0,0,0,0,0,0,0,0,0,0,0,0,0,0,0,0,0,0,0,0,0,0,0,0,0,0,0,0,0,0,0,0,0,1,0,0,0,0,0,0,14,41,60,0,26,0,0,1,0,0,0,0,0,0,0,0,0,0,0,0,0,0,0,0,1,0,0,0,0,0
2024,"5","U","UM",0,0,0,0,0,0,0,0,0,0,0,0,0,7,0,0,0,31,0,0,0,0,0,0,0,0,0,0,0,0,0,0,0,0,0,0,0,0,0,0,0,0,0,0,0,0,0,0,0,0,0,0,5,0,0,0,0,0,0,18,0,60,0,27,0,0,0,0,0,0,0,0,0,2,0,0,0,0,0,0,0,0,0,0,0,0,0,0,0
2024,"5","U","UMS",0,0,1,0,0,0,0,0,0,0,0,0,0,1,0,0,0,45,0,1,0,0,0,0,0,0,0,0,0,0,0,0,0,0,0,0,0,0,0,0,0,0,0,0,0,0,0,0,0,3,0,0,10,0,0,0,0,0,0,9,4,59,0,17,0,0,0,0,0,0,0,0,1,0,0,0,0,0,0,0,0,0,0,0,0,0,0,0,0
2024,"5","U","US",0,0,0,0,0,0,0,0,0,0,0,0,0,7,0,0,0,45,0,0,0,0,0,0,0,0,0,0,0,0,0,0,0,1,0,0,0,0,0,0,0,0,0,0,0,0,0,0,0,4,0,0,18,0,0,0,0,0,0,5,47,43,0,31,0,0,0,0,0,0,0,0,0,0,0,0,0,0,0,0,0,0,0,0,0,0,0,1,0
2024,"6","G","GC",3,0,0,0,0,0,0,0,0,0,0,0,0,21,0,0,0,51,0,0,0,0,0,0,0,0,0,0,0,0,0,0,0,1,0,1,0,0,0,0,0,0,0,0,0,3,0,0,0,0,0,0,3,0,0,0,0,0,0,5,0,33,0,3,0,0,0,0,0,0,0,0,0,5,0,0,0,0,5,0,0,0,0,1,0,0,0,0,0
2024,"6","G","GS",4,0,0,0,0,0,0,0,0,0,0,0,0,12,0,0,0,30,0,0,0,0,0,0,0,2,0,0,0,0,0,0,0,0,0,0,0,0,0,1,0,0,0,0,0,20,0,0,0,0,0,0,4,0,0,0,0,0,0,2,3,35,0,1,0,0,0,7,0,0,0,0,0,7,0,0,0,0,11,0,0,0,0,0,0,0,0,0,0
2024,"6","S","SC",3,0,0,0,0,1,0,0,0,0,0,0,0,23,0,0,0,45,0,20,0,0,0,0,0,0,0,0,0,0,0,0,0,0,0,0,0,0,0,0,0,0,0,0,0,7,0,0,0,0,0,0,24,0,0,0,0,0,0,11,13,23,0,2,0,0,0,0,0,0,0,0,0,4,0,0,0,0,3,0,0,0,0,1,0,0,0,0,0
2024,"6","S","SS",6,0,0,0,0,0,0,0,0,0,0,0,0,8,0,0,0,40,0,3,0,0,0,0,0,0,0,0,0,0,0,0,0,6,0,0,1,0,0,0,0,0,0,0,0,7,0,0,0,0,0,0,31,0,0,0,0,0,0,12,15,49,0,2,0,0,0,12,0,0,0,0,0,0,0,0,0,0,1,0,0,0,0,3,0,0,0,0,0
2024,"6","U","UC",4,0,0,0,0,0,0,0,0,0,0,0,0,26,0,0,0,51,0,1,0,0,0,0,0,0,0,0,0,0,0,0,0,0,0,0,0,0,0,0,0,0,0,0,0,4,0,0,0,0,0,0,8,0,0,0,0,0,0,21,22,56,0,0,0,0,0,0,0,0,0,0,0,0,0,0,0,0,0,0,0,0,0,1,0,0,0,0,0
2024,"6","U","UM",0,0,0,0,0,0,0,0,0,0,0,0,0,24,0,0,0,54,0,0,0,0,0,0,0,0,0,0,0,0,0,0,0,2,0,0,0,0,0,0,0,0,0,0,0,0,0,0,0,0,0,0,3,0,0,0,0,0,0,15,0,57,0,2,0,0,0,0,0,0,0,0,0,1,0,0,0,0,0,0,0,0,0,1,0,0,0,0,0
2024,"6","U","UMS",3,0,0,0,0,0,0,0,0,0,0,0,0,10,0,0,0,50,0,8,0,0,0,0,0,0,0,0,0,0,0,0,0,1,0,0,0,0,0,0,0,0,0,0,0,1,0,0,0,0,0,0,9,0,0,0,0,0,0,4,1,47,0,11,0,0,0,0,0,0,0,0,0,4,0,0,0,0,0,0,0,0,0,0,0,0,0,0,0
2024,"6","U","US",0,9,0,0,0,0,0,0,0,0,0,0,0,7,2,0,0,45,0,1,0,0,0,0,0,0,0,0,0,0,0,1,0,4,0,0,0,0,0,0,0,0,0,0,0,2,0,0,0,0,0,0,29,0,0,0,0,0,0,10,24,39,0,4,0,0,0,1,0,0,0,0,0,1,0,0,0,0,0,0,0,0,0,1,0,0,0,0,0
2024,"7","G","GC",2,0,0,0,0,0,0,0,0,0,0,0,0,2,0,0,0,16,0,1,0,0,0,0,0,0,0,0,0,0,0,0,0,2,0,0,0,0,0,0,0,0,0,0,0,16,0,0,0,0,0,0,44,0,0,0,0,0,0,2,0,47,0,7,0,0,0,0,0,0,0,0,0,1,0,0,0,0,15,0,0,0,0,0,0,0,0,0,0
2024,"7","G","GS",2,0,0,0,0,0,0,0,0,0,0,0,0,2,0,0,0,18,0,0,0,0,0,0,0,0,0,0,0,0,0,0,0,5,0,0,0,0,1,1,0,0,0,0,0,10,0,0,0,0,0,0,36,0,0,0,0,0,0,2,2,47,0,12,0,0,0,1,0,0,0,0,0,0,0,0,0,0,14,0,0,0,0,0,0,0,0,0,0
2024,"7","S","SC",1,0,0,0,0,0,0,0,0,0,0,0,0,1,0,0,0,34,1,1,0,0,0,0,0,0,0,0,0,0,0,0,0,4,0,0,0,0,1,1,0,0,0,0,6,5,0,0,0,0,0,0,58,0,0,0,0,0,0,9,7,26,0,4,0,0,0,0,0,0,0,0,0,0,0,0,0,0,7,0,0,0,0,0,0,0,0,0,0
2024,"7","S","SS",0,0,0,0,0,2,0,0,0,0,0,0,0,3,0,0,0,23,0,2,0,0,0,0,0,0,0,0,0,0,0,0,0,6,0,0,0,0,0,0,0,0,0,0,2,9,0,0,0,1,0,0,54,0,0,0,0,0,0,9,21,40,0,6,0,0,0,8,0,0,0,1,0,0,0,0,0,0,9,0,0,0,0,0,0,0,0,0,0
2024,"7","U","UC",0,0,0,0,0,2,0,0,0,0,0,0,0,9,0,0,0,44,4,5,1,0,0,0,0,0,0,0,0,0,0,0,0,1,0,0,0,0,0,0,0,0,0,0,3,11,0,0,0,1,0,0,12,0,0,0,0,0,0,18,11,54,0,3,0,0,0,0,0,0,0,0,0,0,0,0,0,0,8,0,0,0,0,0,0,0,0,0,0
2024,"7","U","UM",0,0,0,0,0,0,0,0,2,0,0,0,0,6,0,0,0,50,0,4,0,0,0,0,0,0,0,0,0,0,0,0,0,0,0,0,0,0,0,0,0,0,0,0,0,1,0,0,0,0,0,0,15,0,0,0,0,0,0,16,0,59,0,10,0,0,0,0,0,0,0,0,0,0,0,0,0,0,0,0,0,0,0,0,0,0,0,0,0
2024,"7","U","UMS",0,0,0,0,0,0,0,0,0,0,0,0,0,1,0,0,0,42,0,2,0,0,0,0,0,0,0,0,0,0,0,0,0,4,0,0,0,0,0,0,0,0,0,0,1,12,0,0,0,2,0,0,19,0,0,0,0,0,0,6,1,45,0,2,0,0,0,11,0,0,0,0,0,1,0,0,0,0,6,0,0,0,0,1,0,0,0,0,0
2024,"7","U","US",0,0,1,0,0,0,0,0,0,0,0,0,0,0,0,0,0,50,0,3,0,0,0,0,0,0,0,0,0,0,0,0,0,1,0,0,0,0,0,0,0,3,0,0,0,5,0,0,0,0,0,0,7,0,0,0,0,0,0,12,27,53,0,4,0,0,0,5,0,0,0,0,0,0,0,0,0,0,4,0,0,0,0,0,0,0,0,0,0
2024,"8","G","GC",3,0,0,0,0,1,0,0,0,0,0,0,0,13,0,0,0,51,0,0,0,0,0,0,0,0,0,0,0,0,0,0,0,1,0,0,0,0,0,0,0,0,0,0,0,5,0,0,0,0,0,0,10,0,0,0,0,0,0,7,0,48,0,2,0,0,0,0,0,0,0,0,0,1,0,0,0,0,4,0,0,0,0,0,0,0,0,0,0
2024,"8","G","GS",2,0,1,0,0,0,0,0,0,0,0,0,0,16,1,0,0,45,0,0,0,0,0,0,0,0,0,0,0,0,0,3,0,6,0,0,0,0,0,0,0,0,0,0,0,4,0,0,0,0,0,0,5,0,0,0,0,0,0,8,7,51,0,6,0,0,0,9,0,0,0,0,0,0,0,0,0,0,10,0,0,0,0,0,0,0,0,0,0
2024,"8","S","SC",0,0,1,0,0,0,0,0,3,0,0,0,0,5,0,0,0,47,1,0,0,0,0,0,0,0,0,0,0,0,0,0,0,0,0,0,0,0,1,0,0,0,0,0,0,11,0,0,0,0,0,0,5,0,0,0,0,0,0,0,0,47,0,1,0,0,0,0,0,0,0,0,0,2,0,0,0,0,6,0,0,0,0,0,0,0,0,0,0
2024,"8","S","SS",1,0,0,0,0,0,0,0,0,0,0,0,0,3,0,0,0,33,0,1,0,0,0,0,0,0,0,0,0,0,0,5,0,3,0,0,0,0,0,0,0,0,0,0,0,15,0,0,0,3,0,0,8,0,0,0,0,0,0,0,12,29,0,0,0,0,0,30,0,0,0,1,0,1,0,0,0,0,22,0,0,0,0,0,0,1,0,0,0
2024,"8","U","UC",0,0,0,0,0,1,0,0,0,0,0,0,0,10,2,0,0,54,1,0,0,0,0,0,0,0,0,0,0,0,0,0,0,0,0,1,0,0,0,0,0,0,0,0,0,9,0,0,0,0,0,0,7,0,0,0,0,0,0,5,2,55,0,4,0,0,0,0,0,0,0,0,0,1,0,0,0,0,3,0,0,0,0,0,0,0,0,0,0
2024,"8","U","UM",1,0,0,0,0,0,0,0,0,0,0,0,0,9,0,0,0,55,0,0,0,0,0,0,0,0,0,0,0,0,0,0,0,0,0,0,0,0,0,0,0,0,0,0,0,1,0,0,0,0,0,0,6,0,0,0,0,0,0,4,0,52,0,1,0,0,0,0,0,0,0,1,0,0,0,0,0,0,1,0,0,0,0,0,0,0,0,0,0
2024,"8","U","UMS",0,0,0,0,0,0,0,0,0,0,0,0,0,15,0,0,0,51,1,0,0,0,0,0,0,0,0,0,0,0,0,0,0,1,0,0,0,0,0,0,0,0,0,0,0,4,0,0,0,1,0,0,8,0,0,0,0,0,0,21,0,54,0,3,0,0,0,0,0,0,0,0,0,0,0,0,0,0,2,0,0,0,0,0,0,0,0,0,0
2024,"8","U","US",3,0,0,0,0,0,0,0,0,0,0,0,0,12,0,0,0,57,0,1,0,0,0,0,0,0,0,0,0,0,0,0,0,0,0,0,0,0,0,0,0,0,0,0,0,4,0,0,0,1,0,0,10,0,0,0,0,0,0,5,24,60,0,7,0,0,0,4,0,0,0,0,0,0,0,0,0,0,3,0,0,0,0,1,0,1,0,0,0
2024,"9","G","GC",0,0,2,0,0,0,0,0,0,0,0,0,0,43,0,0,0,37,0,0,0,0,0,0,0,0,0,0,0,0,0,0,0,0,0,0,0,0,0,0,0,0,0,0,0,1,0,0,0,0,0,0,4,0,0,0,0,0,0,13,2,52,0,8,0,0,0,0,0,0,0,0,2,1,0,0,0,0,0,0,0,0,0,0,0,0,0,0,0
2024,"9","G","GS",0,0,0,0,0,1,0,0,0,0,0,0,0,23,0,0,0,32,0,1,0,0,0,0,0,3,0,0,0,0,0,0,1,2,0,0,0,0,0,0,0,0,0,0,0,14,0,0,0,3,0,0,42,0,0,0,0,0,0,1,1,36,0,6,0,0,0,9,0,0,0,0,0,0,0,0,0,0,0,0,0,0,0,1,1,0,0,0,0
2024,"9","S","SC",0,0,1,0,0,0,0,0,0,0,0,0,0,40,0,0,0,36,0,0,0,0,0,0,0,0,0,0,0,0,0,0,0,0,0,0,0,0,0,2,0,0,0,0,0,6,0,0,0,0,0,0,7,0,0,0,0,0,0,4,2,38,0,1,0,0,0,0,0,0,0,0,0,4,0,0,0,0,0,0,0,0,0,0,0,0,0,0,0
2024,"9","S","SS",5,1,0,0,0,0,0,0,0,0,0,0,0,44,1,0,0,39,0,0,0,0,0,0,0,0,0,0,0,0,0,0,0,1,0,0,0,0,0,3,0,0,0,0,0,9,0,0,0,2,0,0,23,0,0,0,0,0,0,3,6,20,0,4,0,0,1,4,0,0,0,0,0,3,0,0,0,0,0,0,0,0,0,1,3,0,0,0,0
2024,"9","U","UC",1,0,0,0,0,0,0,0,0,0,0,0,0,48,0,0,0,36,0,0,0,0,0,0,0,0,0,0,0,0,0,0,0,0,0,0,0,0,0,0,0,0,0,0,0,3,0,0,0,0,0,0,3,0,0,0,0,0,0,14,11,52,0,1,0,0,1,0,0,0,0,0,0,0,0,0,0,0,0,0,0,2,0,0,0,0,0,0,0
2024,"9","U","UM",1,0,0,0,0,0,0,0,0,0,0,0,0,17,0,0,0,47,0,1,0,0,0,0,0,0,0,0,0,0,0,0,0,1,0,0,0,0,0,0,0,0,0,0,0,1,0,0,0,0,0,0,4,0,0,0,0,0,0,9,0,60,0,13,0,0,0,0,0,0,0,0,0,3,0,0,0,0,0,0,0,1,0,0,0,0,0,0,0
2024,"9","U","UMS",3,0,0,0,0,0,0,0,0,0,0,0,0,14,0,0,0,51,0,0,0,0,0,0,0,0,0,0,0,0,0,0,0,0,0,0,0,0,0,0,0,0,0,0,0,0,0,0,0,6,0,0,11,0,0,0,0,0,0,10,0,58,0,2,0,0,0,0,0,0,0,0,0,2,0,0,0,0,0,0,0,0,0,0,0,0,0,0,0
2024,"9","U","US",2,0,0,0,0,0,0,0,0,0,0,0,0,22,0,0,0,46,1,0,0,0,0,0,0,0,0,0,0,0,0,0,0,0,0,0,0,0,0,0,0,0,0,0,0,0,0,0,0,1,0,0,19,0,0,0,0,0,0,12,5,56,0,2,0,0,0,1,0,0,0,1,0,0,0,0,0,0,0,0,0,0,0,0,0,0,0,0,0
